customer_id,customer_name,email,active,store,city,country,total_revenue,total_rentals,avg_payment_amount,most_recent_rental_date,customer_tier
148,Eleanor Hunt,eleanor.hunt@sakilacustomer.org,1,"Lethbridge, Canada",Saint-Denis,Runion,211.55,46,4.7,2005-08-23,High Value
526,Karl Seal,karl.seal@sakilacustomer.org,1,"Woodridge, Australia",Cape Coral,United States,208.58,45,4.97,2005-08-23,High Value
178,Marion Snyder,marion.snyder@sakilacustomer.org,1,"Woodridge, Australia",Santa Brbara dOeste,Brazil,194.61,39,4.99,2006-02-14,High Value
137,Rhonda Kennedy,rhonda.kennedy@sakilacustomer.org,1,"Woodridge, Australia",Apeldoorn,Netherlands,191.62,39,5.04,2005-08-23,High Value
144,Clara Shaw,clara.shaw@sakilacustomer.org,1,"Lethbridge, Canada",Molodetno,Belarus,189.6,42,4.74,2005-08-23,High Value
459,Tommy Collazo,tommy.collazo@sakilacustomer.org,1,"Lethbridge, Canada",Qomsheh,Iran,183.63,38,4.96,2005-08-23,High Value
181,Ana Bradley,ana.bradley@sakilacustomer.org,1,"Woodridge, Australia",Memphis,United States,167.67,34,5.08,2006-02-14,High Value
410,Curtis Irby,curtis.irby@sakilacustomer.org,1,"Woodridge, Australia",Richmond Hill,Canada,167.62,38,4.41,2006-02-14,High Value
236,Marcia Dean,marcia.dean@sakilacustomer.org,1,"Lethbridge, Canada",Tanza,Philippines,166.61,42,4.27,2006-02-14,High Value
403,Mike Way,mike.way@sakilacustomer.org,1,"Lethbridge, Canada",Valparai,India,162.67,35,4.93,2005-08-22,High Value
522,Arnold Havens,arnold.havens@sakilacustomer.org,1,"Woodridge, Australia",Santa Rosa,Philippines,161.68,33,5.05,2005-08-23,High Value
469,Wesley Bull,wesley.bull@sakilacustomer.org,1,"Woodridge, Australia",Ourense (Orense),Spain,158.65,40,4.53,2005-08-23,High Value
470,Gordon Allard,gordon.allard@sakilacustomer.org,1,"Lethbridge, Canada",Hodeida,Yemen,157.69,32,5.09,2005-08-21,High Value
373,Louis Leone,louis.leone@sakilacustomer.org,1,"Lethbridge, Canada",Tanauan,Philippines,156.66,35,4.61,2006-02-14,High Value
468,Tim Cary,tim.cary@sakilacustomer.org,1,"Lethbridge, Canada",Bijapur,India,154.66,39,4.55,2005-08-23,High Value
259,Lena Jensen,lena.jensen@sakilacustomer.org,1,"Woodridge, Australia",Halisahar,India,152.71,32,5.27,2005-08-23,High Value
462,Warren Sherrod,warren.sherrod@sakilacustomer.org,1,"Woodridge, Australia",Usolje-Sibirskoje,Russian Federation,152.69,33,4.93,2005-08-23,High Value
372,Steve Mackenzie,steve.mackenzie@sakilacustomer.org,1,"Woodridge, Australia",Probolinggo,Indonesia,152.68,34,4.77,2005-08-23,High Value
187,Brittany Riley,brittany.riley@sakilacustomer.org,1,"Woodridge, Australia",Sumy,Ukraine,151.73,28,5.62,2005-08-23,High Value
550,Guy Brownlee,guy.brownlee@sakilacustomer.org,1,"Woodridge, Australia",Zhoushan,China,151.69,32,4.89,2006-02-14,High Value
176,June Carroll,june.carroll@sakilacustomer.org,1,"Lethbridge, Canada",Skikda,Algeria,151.68,37,4.74,2005-08-23,High Value
532,Neil Renner,neil.renner@sakilacustomer.org,1,"Woodridge, Australia",Cam Ranh,Vietnam,149.69,32,4.83,2006-02-14,High Value
75,Tammy Sanders,tammy.sanders@sakilacustomer.org,1,"Woodridge, Australia",Changhwa,Taiwan,149.61,41,3.84,2006-02-14,High Value
209,Tonya Chapman,tonya.chapman@sakilacustomer.org,1,"Woodridge, Australia",Bhilwara,India,147.71,32,5.09,2005-08-23,High Value
86,Jacqueline Long,jacqueline.long@sakilacustomer.org,1,"Woodridge, Australia",Songkhla,Thailand,146.68,33,4.58,2005-08-23,High Value
26,Jessica Hall,jessica.hall@sakilacustomer.org,1,"Woodridge, Australia",Citt del Vaticano,Holy See (Vatican City State),146.68,34,4.58,2005-08-23,High Value
21,Michelle Clark,michelle.clark@sakilacustomer.org,1,"Lethbridge, Canada",Tangail,Bangladesh,146.68,35,4.58,2006-02-14,High Value
211,Stacey Montgomery,stacey.montgomery@sakilacustomer.org,1,"Lethbridge, Canada",Fuyu,China,146.67,34,4.44,2006-02-14,High Value
346,Arthur Simpkins,arthur.simpkins@sakilacustomer.org,1,"Lethbridge, Canada",Maikop,Russian Federation,145.7,32,4.86,2005-08-23,High Value
366,Brandon Huey,brandon.huey@sakilacustomer.org,1,"Lethbridge, Canada",Balikesir,Turkey,145.64,37,4.05,2006-02-14,High Value
50,Diane Collins,diane.collins@sakilacustomer.org,1,"Lethbridge, Canada",Omdurman,Sudan,144.7,35,4.82,2005-08-23,High Value
360,Ralph Madrigal,ralph.madrigal@sakilacustomer.org,1,"Woodridge, Australia",Arecibo,Puerto Rico,144.68,34,4.52,2005-08-22,High Value
348,Roger Quintanilla,roger.quintanilla@sakilacustomer.org,1,"Woodridge, Australia",Hsichuh,Taiwan,144.66,36,4.25,2005-08-23,High Value
513,Duane Tubbs,duane.tubbs@sakilacustomer.org,1,"Woodridge, Australia",Yangor,Nauru,143.7,31,4.79,2005-08-23,High Value
454,Alex Gresham,alex.gresham@sakilacustomer.org,1,"Woodridge, Australia",Uruapan,Mexico,143.68,33,4.49,2005-08-23,High Value
347,Ryan Salisbury,ryan.salisbury@sakilacustomer.org,1,"Woodridge, Australia",Daugavpils,Latvia,142.7,30,4.76,2005-08-23,High Value
390,Shawn Heaton,shawn.heaton@sakilacustomer.org,1,"Lethbridge, Canada",Nakhon Sawan,Thailand,142.69,33,4.6,2005-08-22,High Value
267,Margie Wade,margie.wade@sakilacustomer.org,1,"Lethbridge, Canada",Lengshuijiang,China,142.67,36,4.32,2006-02-14,High Value
257,Marsha Douglas,marsha.douglas@sakilacustomer.org,1,"Woodridge, Australia",Beira,Mozambique,142.66,37,4.2,2005-08-23,High Value
39,Debra Nelson,debra.nelson@sakilacustomer.org,1,"Lethbridge, Canada",Vila Velha,Brazil,141.71,29,4.89,2005-08-22,High Value
78,Lori Wood,lori.wood@sakilacustomer.org,1,"Lethbridge, Canada",Rae Bareli,India,141.69,31,4.57,2005-08-23,High Value
362,Nicholas Barfield,nicholas.barfield@sakilacustomer.org,1,"Lethbridge, Canada",Belm,Brazil,140.69,32,4.54,2005-08-22,High Value
363,Roy Whiting,roy.whiting@sakilacustomer.org,1,"Woodridge, Australia",Nyeri,Kenya,139.72,29,4.99,2005-08-22,High Value
368,Harry Arce,harry.arce@sakilacustomer.org,0,"Lethbridge, Canada",Najafabad,Iran,139.69,35,4.51,2005-08-23,High Value
119,Sherry Marshall,sherry.marshall@sakilacustomer.org,1,"Lethbridge, Canada",Shubra al-Khayma,Egypt,139.69,34,4.51,2005-08-23,High Value
66,Janice Ward,janice.ward@sakilacustomer.org,1,"Woodridge, Australia",Malm,Sweden,139.67,34,4.23,2005-08-23,High Value
237,Tanya Gilbert,tanya.gilbert@sakilacustomer.org,1,"Lethbridge, Canada",Naju,South Korea,138.69,33,4.47,2005-08-23,High Value
29,Angela Hernandez,angela.hernandez@sakilacustomer.org,1,"Woodridge, Australia",Shimonoseki,Japan,138.65,36,3.96,2006-02-14,High Value
87,Wanda Patterson,wanda.patterson@sakilacustomer.org,1,"Lethbridge, Canada",Sincelejo,Colombia,137.72,30,4.92,2006-02-14,High Value
80,Marilyn Ross,marilyn.ross@sakilacustomer.org,1,"Lethbridge, Canada",Ife,Nigeria,137.7,30,4.59,2006-02-14,High Value
439,Alexander Fennell,alexander.fennell@sakilacustomer.org,1,"Woodridge, Australia",Bergamo,Italy,137.67,36,4.17,2005-08-23,High Value
558,Jimmie Eggleston,jimmie.eggleston@sakilacustomer.org,0,"Lethbridge, Canada",Wroclaw,Poland,135.72,28,4.85,2005-08-21,High Value
494,Ramon Choate,ramon.choate@sakilacustomer.org,1,"Woodridge, Australia",Robamba,Ecuador,135.7,31,4.52,2005-08-22,High Value
576,Morris Mccarter,morris.mccarter@sakilacustomer.org,1,"Woodridge, Australia",Fengshan,Taiwan,135.68,34,4.24,2006-02-14,High Value
591,Kent Arsenault,kent.arsenault@sakilacustomer.org,1,"Lethbridge, Canada",Juiz de Fora,Brazil,134.73,27,4.99,2005-08-20,High Value
467,Alvin Deloach,alvin.deloach@sakilacustomer.org,1,"Woodridge, Australia",Cuauhtmoc,Mexico,134.72,29,4.81,2005-08-23,High Value
479,Zachary Hite,zachary.hite@sakilacustomer.org,1,"Lethbridge, Canada",Akron,United States,134.71,31,4.65,2006-02-14,High Value
120,Sylvia Ortiz,sylvia.ortiz@sakilacustomer.org,1,"Woodridge, Australia",Dos Quebradas,Colombia,134.7,32,4.49,2006-02-14,High Value
210,Ella Oliver,ella.oliver@sakilacustomer.org,1,"Woodridge, Australia",Aden,Yemen,134.7,31,4.49,2005-08-23,High Value
204,Rosemary Schmidt,rosemary.schmidt@sakilacustomer.org,1,"Lethbridge, Canada",Usak,Turkey,134.69,35,4.34,2005-08-22,High Value
15,Helen Harris,helen.harris@sakilacustomer.org,1,"Lethbridge, Canada",Bhopal,India,134.68,32,4.21,2006-02-14,Medium Value
5,Elizabeth Brown,elizabeth.brown@sakilacustomer.org,1,"Lethbridge, Canada",Nantou,Taiwan,134.65,38,3.85,2006-02-14,Medium Value
349,Joe Gilliland,joe.gilliland@sakilacustomer.org,1,"Woodridge, Australia",Imus,Philippines,133.72,29,4.78,2006-02-14,Medium Value
404,Stanley Scroggins,stanley.scroggins@sakilacustomer.org,1,"Woodridge, Australia",Omiya,Japan,133.71,30,4.61,2005-08-22,Medium Value
172,Bernice Willis,bernice.willis@sakilacustomer.org,1,"Lethbridge, Canada",Batman,Turkey,133.7,33,4.46,2005-08-23,Medium Value
197,Sue Peters,sue.peters@sakilacustomer.org,1,"Woodridge, Australia",Changzhou,China,133.68,40,4.18,2005-08-23,Medium Value
265,Jennie Terry,jennie.terry@sakilacustomer.org,1,"Woodridge, Australia",Olomouc,Czech Republic,132.72,29,4.74,2005-08-22,Medium Value
533,Jessie Milam,jessie.milam@sakilacustomer.org,1,"Lethbridge, Canada",Binzhou,China,132.7,33,4.42,2006-02-14,Medium Value
380,Russell Brinson,russell.brinson@sakilacustomer.org,1,"Lethbridge, Canada",Tychy,Poland,132.65,36,3.79,2005-08-23,Medium Value
472,Greg Robins,greg.robins@sakilacustomer.org,1,"Lethbridge, Canada",Nam Dinh,Vietnam,131.74,30,5.07,2006-02-14,Medium Value
13,Karen Jackson,karen.jackson@sakilacustomer.org,1,"Woodridge, Australia",Osmaniye,Turkey,131.73,27,4.88,2005-08-22,Medium Value
125,Ethel Webb,ethel.webb@sakilacustomer.org,1,"Lethbridge, Canada",Boksburg,South Africa,131.69,32,4.25,2005-08-22,Medium Value
46,Catherine Campbell,catherine.campbell@sakilacustomer.org,1,"Woodridge, Australia",Moscow,Russian Federation,131.69,34,4.25,2005-08-23,Medium Value
3,Linda Williams,linda.williams@sakilacustomer.org,1,"Lethbridge, Canada",Athenai,Greece,130.76,26,5.45,2005-08-23,Medium Value
7,Maria Miller,maria.miller@sakilacustomer.org,1,"Lethbridge, Canada",Kragujevac,Yugoslavia,130.72,33,4.67,2005-08-21,Medium Value
273,Priscilla Lowe,priscilla.lowe@sakilacustomer.org,1,"Woodridge, Australia",Salamanca,Mexico,130.72,35,4.67,2005-08-23,Medium Value
502,Brett Cornwell,brett.cornwell@sakilacustomer.org,1,"Lethbridge, Canada",Siliguri (Shiliguri),India,130.7,34,4.36,2005-08-23,Medium Value
566,Casey Mena,casey.mena@sakilacustomer.org,1,"Lethbridge, Canada",Tokat,Turkey,130.68,34,4.08,2005-08-21,Medium Value
342,Harold Martino,harold.martino@sakilacustomer.org,1,"Lethbridge, Canada",Boa Vista,Brazil,130.68,32,4.08,2005-08-23,Medium Value
112,Rosa Reynolds,rosa.reynolds@sakilacustomer.org,1,"Woodridge, Australia",Lancaster,United States,129.72,30,4.63,2005-08-23,Medium Value
560,Jordan Archuleta,jordan.archuleta@sakilacustomer.org,1,"Lethbridge, Canada",Avellaneda,Argentina,129.71,30,4.47,2006-02-14,Medium Value
102,Crystal Ford,crystal.ford@sakilacustomer.org,1,"Lethbridge, Canada",Ashdod,Israel,129.7,33,4.32,2005-08-23,Medium Value
168,Regina Berry,regina.berry@sakilacustomer.org,1,"Lethbridge, Canada",Jinchang,China,129.68,34,4.05,2006-02-14,Medium Value
484,Roberto Vu,roberto.vu@sakilacustomer.org,1,"Lethbridge, Canada",Yinchuan,China,128.73,30,4.77,2005-08-23,Medium Value
103,Gladys Hamilton,gladys.hamilton@sakilacustomer.org,1,"Lethbridge, Canada",Ilorin,Nigeria,128.71,31,4.44,2005-08-23,Medium Value
242,Glenda Frazier,glenda.frazier@sakilacustomer.org,1,"Lethbridge, Canada",Qinhuangdao,China,128.71,32,4.44,2005-08-22,Medium Value
84,Sara Perry,sara.perry@sakilacustomer.org,1,"Woodridge, Australia",Atlixco,Mexico,128.7,33,4.29,2005-08-22,Medium Value
196,Alma Austin,alma.austin@sakilacustomer.org,1,"Lethbridge, Canada",Mannheim,Germany,128.69,35,4.15,2005-08-23,Medium Value
448,Miguel Betancourt,miguel.betancourt@sakilacustomer.org,1,"Lethbridge, Canada",Erlangen,Germany,127.73,29,4.73,2006-02-14,Medium Value
221,Bessie Morrison,bessie.morrison@sakilacustomer.org,1,"Lethbridge, Canada",Syrakusa,Italy,127.73,28,4.73,2005-08-22,Medium Value
520,Mitchell Westmoreland,mitchell.westmoreland@sakilacustomer.org,1,"Woodridge, Australia",Nha Trang,Vietnam,127.69,32,4.12,2005-08-23,Medium Value
141,Debbie Reyes,debbie.reyes@sakilacustomer.org,1,"Lethbridge, Canada",Fukuyama,Japan,127.69,32,4.12,2005-08-23,Medium Value
38,Martha Gonzalez,martha.gonzalez@sakilacustomer.org,1,"Lethbridge, Canada",Chisinau,Moldova,127.66,34,3.75,2005-08-23,Medium Value
200,Jeanne Lawson,jeanne.lawson@sakilacustomer.org,1,"Woodridge, Australia",Ashgabat,Turkmenistan,126.74,27,4.87,2006-02-14,Medium Value
436,Troy Quigley,troy.quigley@sakilacustomer.org,1,"Lethbridge, Canada",Vancouver,Canada,126.73,30,4.69,2005-08-23,Medium Value
206,Terri Vasquez,terri.vasquez@sakilacustomer.org,1,"Lethbridge, Canada",Blumenau,Brazil,126.73,27,4.69,2005-08-23,Medium Value
146,Jamie Rice,jamie.rice@sakilacustomer.org,1,"Lethbridge, Canada",Sterling Heights,United States,126.73,29,4.69,2005-08-23,Medium Value
108,Tracy Cole,tracy.cole@sakilacustomer.org,1,"Lethbridge, Canada",Huixquilucan,Mexico,126.72,30,4.53,2006-02-14,Medium Value
114,Grace Ellis,grace.ellis@sakilacustomer.org,1,"Woodridge, Australia",Duisburg,Germany,126.7,33,4.22,2006-02-14,Medium Value
482,Maurice Crawley,maurice.crawley@sakilacustomer.org,0,"Lethbridge, Canada",Coatzacoalcos,Mexico,125.74,29,4.84,2005-08-23,Medium Value
426,Bradley Motley,bradley.motley@sakilacustomer.org,1,"Lethbridge, Canada",Purnea (Purnia),India,125.74,27,4.84,2005-08-22,Medium Value
295,Daisy Bates,daisy.bates@sakilacustomer.org,1,"Lethbridge, Canada",Kolpino,Russian Federation,125.72,38,4.49,2006-02-14,Medium Value
147,Joanne Robertson,joanne.robertson@sakilacustomer.org,1,"Woodridge, Australia",Urawa,Japan,125.68,34,3.93,2005-08-23,Medium Value
354,Justin Ngo,justin.ngo@sakilacustomer.org,1,"Woodridge, Australia",Santo Andr,Brazil,125.67,36,3.81,2006-02-14,Medium Value
45,Janet Phillips,janet.phillips@sakilacustomer.org,1,"Lethbridge, Canada",Antofagasta,Chile,124.74,27,4.8,2005-08-23,Medium Value
89,Julia Flores,julia.flores@sakilacustomer.org,1,"Lethbridge, Canada",La Plata,Argentina,124.71,32,4.3,2005-08-23,Medium Value
198,Elsie Kelley,elsie.kelley@sakilacustomer.org,1,"Woodridge, Australia",Ikerre,Nigeria,124.68,37,3.9,2005-08-23,Medium Value
129,Carrie Porter,carrie.porter@sakilacustomer.org,1,"Lethbridge, Canada",Liaocheng,China,124.66,34,3.67,2005-08-22,Medium Value
300,John Farnsworth,john.farnsworth@sakilacustomer.org,1,"Lethbridge, Canada",Parbhani,India,123.74,31,4.76,2006-02-14,Medium Value
2,Patricia Johnson,patricia.johnson@sakilacustomer.org,1,"Lethbridge, Canada",San Bernardino,United States,123.74,27,4.76,2005-08-23,Medium Value
506,Leslie Seward,leslie.seward@sakilacustomer.org,1,"Woodridge, Australia",Pontianak,Indonesia,123.72,35,4.42,2005-08-23,Medium Value
371,Billy Poulin,billy.poulin@sakilacustomer.org,1,"Lethbridge, Canada",Cabuyao,Philippines,123.71,35,4.27,2005-08-23,Medium Value
27,Shirley Allen,shirley.allen@sakilacustomer.org,1,"Woodridge, Australia",Davao,Philippines,123.7,31,4.12,2005-08-22,Medium Value
51,Alice Stewart,alice.stewart@sakilacustomer.org,1,"Lethbridge, Canada",Fontana,United States,123.7,33,4.12,2005-08-22,Medium Value
30,Melissa King,melissa.king@sakilacustomer.org,1,"Lethbridge, Canada",Lungtan,Taiwan,123.66,34,3.64,2005-08-23,Medium Value
434,Eddie Tomlin,eddie.tomlin@sakilacustomer.org,1,"Lethbridge, Canada",Ozamis,Philippines,122.74,27,4.72,2005-08-22,Medium Value
92,Tina Simmons,tina.simmons@sakilacustomer.org,1,"Woodridge, Australia",Goinia,Brazil,122.74,28,4.72,2005-08-22,Medium Value
535,Javier Elrod,javier.elrod@sakilacustomer.org,1,"Lethbridge, Canada",NDjamna,Chad,122.72,32,4.38,2005-08-23,Medium Value
163,Cathy Spencer,cathy.spencer@sakilacustomer.org,1,"Lethbridge, Canada",Kakamigahara,Japan,122.71,29,4.23,2006-02-14,Medium Value
244,Viola Hanson,viola.hanson@sakilacustomer.org,1,"Woodridge, Australia",Lapu-Lapu,Philippines,122.7,32,4.09,2006-02-14,Medium Value
473,Jorge Olivares,jorge.olivares@sakilacustomer.org,1,"Woodridge, Australia",Lhokseumawe,Indonesia,122.69,34,3.96,2005-08-23,Medium Value
508,Milton Howland,milton.howland@sakilacustomer.org,1,"Woodridge, Australia",Vijayawada,India,121.77,25,5.29,2006-02-14,Medium Value
166,Lynn Payne,lynn.payne@sakilacustomer.org,1,"Lethbridge, Canada",Lilongwe,Malawi,121.73,28,4.51,2005-08-23,Medium Value
497,Gilbert Sledge,gilbert.sledge@sakilacustomer.org,1,"Woodridge, Australia",York,United Kingdom,121.73,28,4.51,2006-02-14,Medium Value
451,Jim Rea,jim.rea@sakilacustomer.org,1,"Lethbridge, Canada",El Fuerte,Mexico,121.7,33,4.06,2005-08-23,Medium Value
438,Barry Lovelace,barry.lovelace@sakilacustomer.org,1,"Lethbridge, Canada",Kitwe,Zambia,121.7,33,4.06,2006-02-14,Medium Value
406,Nathan Runyon,nathan.runyon@sakilacustomer.org,0,"Lethbridge, Canada",Charlotte Amalie,"Virgin Islands, U.S.",121.69,32,3.93,2005-08-21,Medium Value
491,Rick Mattox,rick.mattox@sakilacustomer.org,1,"Woodridge, Australia",Mit Ghamr,Egypt,120.75,27,4.83,2005-08-23,Medium Value
179,Dana Hart,dana.hart@sakilacustomer.org,1,"Lethbridge, Canada",Kirovo-Tepetsk,Russian Federation,120.74,29,4.64,2005-08-23,Medium Value
423,Alfred Casillas,alfred.casillas@sakilacustomer.org,1,"Woodridge, Australia",Sawhaj,Egypt,120.74,26,4.64,2005-08-23,Medium Value
499,Marc Outlaw,marc.outlaw@sakilacustomer.org,1,"Woodridge, Australia",Brindisi,Italy,120.71,30,4.16,2005-08-23,Medium Value
122,Thelma Murray,thelma.murray@sakilacustomer.org,1,"Lethbridge, Canada",Lima,Peru,120.7,32,4.02,2005-08-21,Medium Value
59,Cheryl Murphy,cheryl.murphy@sakilacustomer.org,1,"Lethbridge, Canada",Mysore,India,119.76,27,4.99,2005-08-23,Medium Value
389,Alan Kahn,alan.kahn@sakilacustomer.org,1,"Lethbridge, Canada",Emeishan,China,119.75,26,4.79,2005-08-23,Medium Value
487,Hector Poindexter,hector.poindexter@sakilacustomer.org,1,"Woodridge, Australia",Pjatigorsk,Russian Federation,119.74,26,4.61,2005-08-23,Medium Value
306,Charles Kowalski,charles.kowalski@sakilacustomer.org,1,"Lethbridge, Canada",Sungai Petani,Malaysia,119.72,32,4.28,2005-08-23,Medium Value
207,Gertrude Castillo,gertrude.castillo@sakilacustomer.org,1,"Lethbridge, Canada",Nuuk,Greenland,119.72,34,4.28,2005-08-23,Medium Value
82,Kathryn Coleman,kathryn.coleman@sakilacustomer.org,1,"Lethbridge, Canada",Simferopol,Ukraine,118.76,26,4.95,2005-08-23,Medium Value
589,Tracy Herrmann,tracy.herrmann@sakilacustomer.org,1,"Lethbridge, Canada",Loja,Ecuador,118.75,28,4.75,2005-08-23,Medium Value
41,Stephanie Mitchell,stephanie.mitchell@sakilacustomer.org,1,"Lethbridge, Canada",Yerevan,Armenia,118.75,25,4.75,2006-02-14,Medium Value
565,Jaime Nettles,jaime.nettles@sakilacustomer.org,1,"Woodridge, Australia",Hunuco,Peru,118.73,29,4.4,2005-08-23,Medium Value
35,Virginia Green,virginia.green@sakilacustomer.org,1,"Woodridge, Australia",Toulouse,France,118.7,32,3.96,2005-08-21,Medium Value
128,Marjorie Tucker,marjorie.tucker@sakilacustomer.org,1,"Lethbridge, Canada",Jastrzebie-Zdrj,Poland,118.7,32,3.96,2005-08-23,Medium Value
230,Joy George,joy.george@sakilacustomer.org,1,"Woodridge, Australia",Botosani,Romania,118.69,33,3.83,2005-08-21,Medium Value
583,Marshall Thorn,marshall.thorn@sakilacustomer.org,1,"Lethbridge, Canada",Southampton,United Kingdom,117.77,23,5.12,2005-08-21,Medium Value
285,Miriam Mckinney,miriam.mckinney@sakilacustomer.org,1,"Lethbridge, Canada",Otsu,Japan,117.77,26,5.12,2005-08-23,Medium Value
585,Perry Swafford,perry.swafford@sakilacustomer.org,1,"Lethbridge, Canada",Quilmes,Argentina,117.76,24,4.91,2006-02-14,Medium Value
504,Nathaniel Adam,nathaniel.adam@sakilacustomer.org,1,"Lethbridge, Canada",Joliet,United States,117.75,28,4.71,2005-08-23,Medium Value
421,Lee Hawks,lee.hawks@sakilacustomer.org,1,"Lethbridge, Canada",Pudukkottai,India,117.75,27,4.71,2006-02-14,Medium Value
573,Byron Box,byron.box@sakilacustomer.org,1,"Lethbridge, Canada",Zhezqazghan,Kazakstan,117.72,29,4.2,2005-08-19,Medium Value
49,Joyce Edwards,joyce.edwards@sakilacustomer.org,1,"Woodridge, Australia",Jedda,Saudi Arabia,116.76,28,4.87,2005-08-21,Medium Value
149,Valerie Black,valerie.black@sakilacustomer.org,1,"Lethbridge, Canada",Brockton,United States,116.75,26,4.67,2005-08-23,Medium Value
253,Terry Carlson,terry.carlson@sakilacustomer.org,1,"Lethbridge, Canada",Miyakonojo,Japan,116.74,29,4.49,2005-08-22,Medium Value
274,Naomi Jennings,naomi.jennings@sakilacustomer.org,1,"Lethbridge, Canada",Karnal,India,116.73,35,4.32,2006-02-14,Medium Value
263,Hilda Hopkins,hilda.hopkins@sakilacustomer.org,1,"Lethbridge, Canada",Mandaluyong,Philippines,116.73,29,4.32,2006-02-14,Medium Value
71,Kathy James,kathy.james@sakilacustomer.org,1,"Lethbridge, Canada",Baybay,Philippines,116.72,30,4.17,2005-08-23,Medium Value
356,Gerald Fultz,gerald.fultz@sakilacustomer.org,1,"Woodridge, Australia",Satna,India,116.71,30,4.02,2005-08-23,Medium Value
512,Cecil Vines,cecil.vines@sakilacustomer.org,1,"Lethbridge, Canada",London,United Kingdom,115.74,26,4.45,2006-02-14,Medium Value
56,Gloria Cook,gloria.cook@sakilacustomer.org,1,"Lethbridge, Canada",Papeete,French Polynesia,115.74,30,4.45,2006-02-14,Medium Value
529,Erik Guillen,erik.guillen@sakilacustomer.org,1,"Woodridge, Australia",Bhimavaram,India,115.72,29,4.13,2005-08-22,Medium Value
393,Philip Causey,philip.causey@sakilacustomer.org,1,"Lethbridge, Canada",Korolev,Russian Federation,115.71,31,3.99,2005-08-23,Medium Value
158,Veronica Stone,veronica.stone@sakilacustomer.org,1,"Lethbridge, Canada",Greensboro,United States,115.7,32,3.86,2005-08-23,Medium Value
279,Dianne Shelton,dianne.shelton@sakilacustomer.org,1,"Woodridge, Australia",Tabriz,Iran,114.76,31,4.78,2006-02-14,Medium Value
54,Teresa Rogers,teresa.rogers@sakilacustomer.org,1,"Lethbridge, Canada",Iwakuni,Japan,114.74,29,4.41,2005-08-23,Medium Value
584,Salvador Teel,salvador.teel@sakilacustomer.org,1,"Woodridge, Australia",Banjul,Gambia,114.73,30,4.25,2005-08-23,Medium Value
262,Patsy Davidson,patsy.davidson@sakilacustomer.org,1,"Woodridge, Australia",Portoviejo,Ecuador,114.73,28,4.25,2005-08-23,Medium Value
107,Florence Woods,florence.woods@sakilacustomer.org,1,"Lethbridge, Canada",Merlo,Argentina,114.72,30,4.1,2006-02-14,Medium Value
388,Craig Morrell,craig.morrell@sakilacustomer.org,1,"Woodridge, Australia",Cavite,Philippines,114.72,30,4.1,2006-02-14,Medium Value
1,Mary Smith,mary.smith@sakilacustomer.org,1,"Lethbridge, Canada",Sasebo,Japan,114.7,32,3.82,2005-08-22,Medium Value
433,Don Bone,don.bone@sakilacustomer.org,1,"Lethbridge, Canada",Naala-Porto,Mozambique,113.77,25,4.95,2005-08-23,Medium Value
309,Christopher Greco,christopher.greco@sakilacustomer.org,1,"Lethbridge, Canada",Brescia,Italy,113.75,31,4.55,2005-08-22,Medium Value
302,Michael Silverman,michael.silverman@sakilacustomer.org,1,"Lethbridge, Canada",Tiefa,China,113.74,29,4.37,2005-08-23,Medium Value
266,Nora Herrera,nora.herrera@sakilacustomer.org,1,"Woodridge, Australia",Salzburg,Austria,113.74,28,4.37,2005-08-22,Medium Value
139,Amber Dixon,amber.dixon@sakilacustomer.org,1,"Lethbridge, Canada",Touliu,Taiwan,113.73,27,4.21,2005-08-23,Medium Value
569,Dave Gardiner,dave.gardiner@sakilacustomer.org,1,"Woodridge, Australia",Leshan,China,113.73,32,4.21,2005-08-23,Medium Value
416,Jeffery Pinson,jeffery.pinson@sakilacustomer.org,1,"Woodridge, Australia",Dadu,Pakistan,113.72,31,4.06,2005-08-23,Medium Value
314,George Linton,george.linton@sakilacustomer.org,1,"Lethbridge, Canada",Sorocaba,Brazil,113.71,33,3.92,2005-08-23,Medium Value
260,Christy Vargas,christy.vargas@sakilacustomer.org,1,"Lethbridge, Canada",Datong,China,113.7,31,3.79,2005-08-21,Medium Value
540,Tyrone Asher,tyrone.asher@sakilacustomer.org,1,"Lethbridge, Canada",Ruse,Bulgaria,112.76,24,4.7,2005-08-23,Medium Value
582,Andy Vanhorn,andy.vanhorn@sakilacustomer.org,1,"Woodridge, Australia",Huejutla de Reyes,Mexico,112.76,25,4.7,2006-02-14,Medium Value
63,Ashley Richardson,ashley.richardson@sakilacustomer.org,1,"Lethbridge, Canada",Lincoln,United States,112.75,25,4.51,2005-08-22,Medium Value
32,Amy Lopez,amy.lopez@sakilacustomer.org,1,"Lethbridge, Canada",Jhansi,India,112.74,29,4.34,2005-08-21,Medium Value
131,Monica Hicks,monica.hicks@sakilacustomer.org,1,"Woodridge, Australia",Mukateve,Ukraine,112.73,30,4.18,2005-08-23,Medium Value
485,Clyde Tobias,clyde.tobias@sakilacustomer.org,1,"Lethbridge, Canada",Shaoguan,China,112.72,29,4.03,2005-08-19,Medium Value
453,Calvin Martel,calvin.martel@sakilacustomer.org,1,"Lethbridge, Canada",Maracabo,Venezuela,111.77,23,4.86,2005-08-23,Medium Value
225,Arlene Harvey,arlene.harvey@sakilacustomer.org,1,"Lethbridge, Canada",Ambattur,India,111.76,26,4.66,2005-08-21,Medium Value
337,Jerry Jordon,jerry.jordon@sakilacustomer.org,1,"Lethbridge, Canada",Onomichi,Japan,111.76,29,4.66,2006-02-14,Medium Value
577,Clifton Malcolm,clifton.malcolm@sakilacustomer.org,1,"Woodridge, Australia",Tanshui,Taiwan,111.74,27,4.3,2005-08-23,Medium Value
579,Daryl Larue,daryl.larue@sakilacustomer.org,1,"Woodridge, Australia",Mosul,Iraq,111.73,27,4.14,2006-02-14,Medium Value
173,Audrey Ray,audrey.ray@sakilacustomer.org,1,"Lethbridge, Canada",Graz,Austria,111.73,29,4.14,2005-08-23,Medium Value
113,Cindy Fisher,cindy.fisher@sakilacustomer.org,1,"Woodridge, Australia",Cuman,Venezuela,111.73,29,4.14,2005-08-23,Medium Value
186,Holly Fox,holly.fox@sakilacustomer.org,1,"Woodridge, Australia",Haldia,India,111.71,31,3.85,2006-02-14,Medium Value
592,Terrance Roush,terrance.roush@sakilacustomer.org,0,"Lethbridge, Canada",Szkesfehrvr,Hungary,111.71,29,3.85,2006-02-14,Medium Value
42,Carolyn Perez,carolyn.perez@sakilacustomer.org,1,"Woodridge, Australia",Pak Kret,Thailand,111.71,30,3.85,2006-02-14,Medium Value
531,Jamie Waugh,jamie.waugh@sakilacustomer.org,1,"Woodridge, Australia",Kuwana,Japan,110.77,25,4.82,2005-08-22,Medium Value
495,Charlie Bess,charlie.bess@sakilacustomer.org,1,"Woodridge, Australia",Baiyin,China,110.76,26,4.62,2006-02-14,Medium Value
258,Myrtle Fleming,myrtle.fleming@sakilacustomer.org,1,"Lethbridge, Canada",Santiago de los Caballeros,Dominican Republic,110.76,24,4.62,2005-08-22,Medium Value
515,Andre Rapp,andre.rapp@sakilacustomer.org,1,"Lethbridge, Canada",Coquimbo,Chile,110.74,28,4.26,2005-08-22,Medium Value
154,Michele Grant,michele.grant@sakilacustomer.org,1,"Woodridge, Australia",Yuncheng,China,110.73,30,4.1,2005-08-23,Medium Value
213,Gina Williamson,gina.williamson@sakilacustomer.org,1,"Lethbridge, Canada",Taizz,Yemen,110.73,28,4.1,2006-02-14,Medium Value
559,Everett Banda,everett.banda@sakilacustomer.org,1,"Woodridge, Australia",Bilbays,Egypt,110.72,28,3.95,2005-08-23,Medium Value
90,Ruby Washington,ruby.washington@sakilacustomer.org,1,"Woodridge, Australia",Meixian,China,110.72,28,3.95,2005-08-23,Medium Value
595,Terrence Gunderson,terrence.gunderson@sakilacustomer.org,1,"Lethbridge, Canada",Jinzhou,China,110.71,30,3.82,2005-08-23,Medium Value
241,Heidi Larson,heidi.larson@sakilacustomer.org,0,"Woodridge, Australia",Xiangfan,China,110.68,34,3.46,2005-08-23,Medium Value
536,Fernando Churchill,fernando.churchill@sakilacustomer.org,1,"Woodridge, Australia",Tonghae,South Korea,109.77,25,4.77,2005-08-23,Medium Value
170,Beatrice Arnold,beatrice.arnold@sakilacustomer.org,1,"Lethbridge, Canada",Udaipur,India,109.77,26,4.77,2005-08-23,Medium Value
575,Isaac Oglesby,isaac.oglesby@sakilacustomer.org,1,"Woodridge, Australia",Cuernavaca,Mexico,109.76,29,4.57,2005-08-23,Medium Value
220,Charlene Alvarez,charlene.alvarez@sakilacustomer.org,1,"Woodridge, Australia",Zanzibar,Tanzania,109.75,27,4.39,2005-08-23,Medium Value
376,Randy Gaither,randy.gaither@sakilacustomer.org,1,"Lethbridge, Canada",Kurgan,Russian Federation,109.73,28,4.06,2005-08-22,Medium Value
447,Clifford Bowens,clifford.bowens@sakilacustomer.org,1,"Lethbridge, Canada",Nabereznyje Telny,Russian Federation,109.73,29,4.06,2005-08-23,Medium Value
538,Ted Breaux,ted.breaux@sakilacustomer.org,1,"Woodridge, Australia",Baicheng,China,109.73,29,4.06,2005-08-22,Medium Value
481,Herman Devore,herman.devore@sakilacustomer.org,1,"Lethbridge, Canada",Mwanza,Tanzania,109.72,29,3.92,2005-08-21,Medium Value
446,Theodore Culp,theodore.culp@sakilacustomer.org,0,"Woodridge, Australia",Uluberia,India,109.72,31,3.92,2005-08-23,Medium Value
386,Todd Tan,todd.tan@sakilacustomer.org,1,"Lethbridge, Canada",Kamjanets-Podilskyi,Ukraine,109.72,29,3.92,2005-08-23,Medium Value
424,Kyle Spurlock,kyle.spurlock@sakilacustomer.org,1,"Woodridge, Australia",Shanwei,China,109.71,30,3.78,2006-02-14,Medium Value
284,Sonia Gregory,sonia.gregory@sakilacustomer.org,1,"Lethbridge, Canada",Benin City,Nigeria,108.78,28,4.94,2006-02-14,Medium Value
594,Eduardo Hiatt,eduardo.hiatt@sakilacustomer.org,1,"Lethbridge, Canada",Jining,China,108.77,27,4.73,2005-08-22,Medium Value
590,Seth Hannon,seth.hannon@sakilacustomer.org,1,"Woodridge, Australia",al-Manama,Bahrain,108.76,25,4.53,2006-02-14,Medium Value
277,Olga Jimenez,olga.jimenez@sakilacustomer.org,1,"Woodridge, Australia",Ogbomosho,Nigeria,108.76,32,4.53,2005-08-22,Medium Value
518,Gabriel Harder,gabriel.harder@sakilacustomer.org,1,"Lethbridge, Canada",Sivas,Turkey,108.75,26,4.35,2005-08-23,Medium Value
334,Raymond Mcwhorter,raymond.mcwhorter@sakilacustomer.org,1,"Woodridge, Australia",Sumqayit,Azerbaijan,108.75,30,4.35,2006-02-14,Medium Value
574,Julian Vest,julian.vest@sakilacustomer.org,1,"Woodridge, Australia",Akishima,Japan,108.73,28,4.03,2005-08-22,Medium Value
239,Minnie Romero,minnie.romero@sakilacustomer.org,1,"Woodridge, Australia",Ciomas,Indonesia,108.72,34,3.88,2005-08-20,Medium Value
167,Sally Pierce,sally.pierce@sakilacustomer.org,1,"Woodridge, Australia",Chandrapur,India,108.71,32,3.75,2005-08-23,Medium Value
293,Mae Fletcher,mae.fletcher@sakilacustomer.org,1,"Woodridge, Australia",Donostia-San Sebastin,Spain,107.79,31,5.13,2005-08-23,Medium Value
571,Johnnie Chisholm,johnnie.chisholm@sakilacustomer.org,1,"Woodridge, Australia",Plock,Poland,107.78,24,4.9,2005-08-23,Medium Value
427,Jesus Mccartney,jesus.mccartney@sakilacustomer.org,1,"Woodridge, Australia",Guaruj,Brazil,107.77,24,4.69,2005-08-22,Medium Value
16,Sandra Martin,sandra.martin@sakilacustomer.org,0,"Woodridge, Australia",Southend-on-Sea,United Kingdom,107.76,28,4.49,2005-08-21,Medium Value
332,Stephen Qualls,stephen.qualls@sakilacustomer.org,1,"Lethbridge, Canada",Dhaka,Bangladesh,107.74,28,4.14,2005-08-22,Medium Value
441,Mario Cheatham,mario.cheatham@sakilacustomer.org,1,"Lethbridge, Canada",Batna,Algeria,107.73,28,3.99,2006-02-14,Medium Value
145,Lucille Holmes,lucille.holmes@sakilacustomer.org,1,"Lethbridge, Canada",Soshanguve,South Africa,107.73,28,3.99,2005-08-21,Medium Value
588,Marion Ocampo,marion.ocampo@sakilacustomer.org,1,"Lethbridge, Canada",Weifang,China,107.73,29,3.99,2005-08-22,Medium Value
157,Darlene Rose,darlene.rose@sakilacustomer.org,1,"Woodridge, Australia",Pyongyang,North Korea,107.71,31,3.71,2005-08-22,Medium Value
418,Jeff East,jeff.east@sakilacustomer.org,1,"Woodridge, Australia",San Felipe de Puerto Plata,Dominican Republic,107.7,30,3.59,2005-08-23,Medium Value
254,Maxine Silva,maxine.silva@sakilacustomer.org,1,"Woodridge, Australia",Poos de Caldas,Brazil,107.7,32,3.59,2005-08-23,Medium Value
91,Lois Butler,lois.butler@sakilacustomer.org,1,"Woodridge, Australia",Bandar Seri Begawan,Brunei,107.66,35,3.17,2006-02-14,Medium Value
477,Dan Paine,dan.paine@sakilacustomer.org,1,"Lethbridge, Canada",Stockport,United Kingdom,106.79,22,5.09,2005-08-23,Medium Value
343,Douglas Graf,douglas.graf@sakilacustomer.org,1,"Lethbridge, Canada",Mexicali,Mexico,106.77,25,4.64,2005-08-23,Medium Value
240,Marlene Welch,marlene.welch@sakilacustomer.org,1,"Lethbridge, Canada",Iwaki,Japan,106.77,26,4.64,2005-08-23,Medium Value
155,Gail Knight,gail.knight@sakilacustomer.org,1,"Lethbridge, Canada",Bern,Switzerland,106.76,25,4.45,2006-02-14,Medium Value
234,Claudia Fuller,claudia.fuller@sakilacustomer.org,1,"Lethbridge, Canada",Jalib al-Shuyukh,Kuwait,106.75,26,4.27,2006-02-14,Medium Value
116,Victoria Gibson,victoria.gibson@sakilacustomer.org,1,"Lethbridge, Canada",Pemalang,Indonesia,106.74,27,4.11,2005-08-22,Medium Value
471,Dean Sauer,dean.sauer@sakilacustomer.org,1,"Lethbridge, Canada",Johannesburg,South Africa,106.74,27,4.11,2005-08-23,Medium Value
23,Sarah Lewis,sarah.lewis@sakilacustomer.org,1,"Woodridge, Australia",Liepaja,Latvia,106.73,30,3.95,2006-02-14,Medium Value
457,Bill Gavin,bill.gavin@sakilacustomer.org,1,"Woodridge, Australia",Rockford,United States,106.73,28,3.95,2006-02-14,Medium Value
160,Erin Dunn,erin.dunn@sakilacustomer.org,1,"Woodridge, Australia",Ljubertsy,Russian Federation,106.73,27,3.95,2005-08-23,Medium Value
52,Julie Sanchez,julie.sanchez@sakilacustomer.org,1,"Lethbridge, Canada",A Corua (La Corua),Spain,106.72,29,3.81,2006-02-14,Medium Value
138,Hazel Warren,hazel.warren@sakilacustomer.org,1,"Lethbridge, Canada",Hohhot,China,106.68,34,3.33,2005-08-23,Medium Value
127,Elaine Stevens,elaine.stevens@sakilacustomer.org,1,"Woodridge, Australia",Smolensk,Russian Federation,105.78,24,4.81,2005-08-23,Medium Value
490,Sam Mcduffie,sam.mcduffie@sakilacustomer.org,1,"Lethbridge, Canada",Sogamoso,Colombia,105.78,24,4.81,2005-08-23,Medium Value
331,Eric Robert,eric.robert@sakilacustomer.org,1,"Lethbridge, Canada",Santa F,Argentina,105.78,27,4.81,2005-08-23,Medium Value
193,Katie Elliott,katie.elliott@sakilacustomer.org,1,"Woodridge, Australia",Kisumu,Kenya,105.77,25,4.6,2006-02-14,Medium Value
294,Shelly Watts,shelly.watts@sakilacustomer.org,1,"Woodridge, Australia",Dayton,United States,105.77,26,4.6,2005-08-23,Medium Value
58,Jean Bell,jean.bell@sakilacustomer.org,1,"Lethbridge, Canada",Kuching,Malaysia,105.76,27,4.41,2006-02-14,Medium Value
400,Bryan Hardison,bryan.hardison@sakilacustomer.org,1,"Woodridge, Australia",Dallas,United States,105.76,28,4.41,2005-08-23,Medium Value
396,Earl Shanks,earl.shanks@sakilacustomer.org,1,"Lethbridge, Canada",Iwatsuki,Japan,105.74,27,4.07,2005-08-22,Medium Value
40,Amanda Carter,amanda.carter@sakilacustomer.org,1,"Woodridge, Australia",Nador,Morocco,105.74,27,4.07,2005-08-22,Medium Value
96,Diana Alexander,diana.alexander@sakilacustomer.org,1,"Lethbridge, Canada",Augusta-Richmond County,United States,105.73,27,3.92,2005-08-23,Medium Value
444,Marcus Hidalgo,marcus.hidalgo@sakilacustomer.org,1,"Woodridge, Australia",Tartu,Estonia,105.72,30,3.78,2005-08-23,Medium Value
28,Cynthia Young,cynthia.young@sakilacustomer.org,1,"Lethbridge, Canada",Munger (Monghyr),India,105.7,32,3.52,2006-02-14,Medium Value
345,Carl Artis,carl.artis@sakilacustomer.org,1,"Lethbridge, Canada",San Lorenzo,Paraguay,104.79,23,4.99,2005-08-23,Medium Value
493,Brent Harkins,brent.harkins@sakilacustomer.org,1,"Lethbridge, Canada",Sultanbeyli,Turkey,104.78,23,4.76,2006-02-14,Medium Value
289,Violet Rodriquez,violet.rodriquez@sakilacustomer.org,1,"Lethbridge, Canada",Kowloon and New Kowloon,Hong Kong,104.76,30,4.37,2005-08-22,Medium Value
171,Dolores Wagner,dolores.wagner@sakilacustomer.org,1,"Woodridge, Australia",Ipoh,Malaysia,104.75,26,4.19,2005-08-23,Medium Value
121,Josephine Gomez,josephine.gomez@sakilacustomer.org,1,"Lethbridge, Canada",Etawah,India,104.75,26,4.19,2005-08-23,Medium Value
407,Dale Ratcliff,dale.ratcliff@sakilacustomer.org,1,"Lethbridge, Canada",Rustenburg,South Africa,104.74,27,4.03,2005-08-22,Medium Value
31,Brenda Wright,brenda.wright@sakilacustomer.org,1,"Woodridge, Australia",Kamarhati,India,104.74,26,4.03,2005-08-23,Medium Value
25,Deborah Walker,deborah.walker@sakilacustomer.org,1,"Lethbridge, Canada",Shikarpur,Pakistan,104.73,29,3.88,2005-08-23,Medium Value
397,Jimmy Schrader,jimmy.schrader@sakilacustomer.org,1,"Lethbridge, Canada",Atinsk,Russian Federation,104.72,29,3.74,2005-08-22,Medium Value
442,Leroy Bustamante,leroy.bustamante@sakilacustomer.org,1,"Lethbridge, Canada",Tongliao,China,104.71,32,3.61,2005-08-22,Medium Value
341,Peter Menard,peter.menard@sakilacustomer.org,1,"Lethbridge, Canada",Ede,Netherlands,103.78,23,4.72,2005-08-23,Medium Value
296,Ramona Hale,ramona.hale@sakilacustomer.org,1,"Woodridge, Australia",Patiala,India,103.77,30,4.51,2006-02-14,Medium Value
280,Tracey Barrett,tracey.barrett@sakilacustomer.org,1,"Woodridge, Australia",Owo,Nigeria,103.77,27,4.51,2005-08-23,Medium Value
202,Carla Gutierrez,carla.gutierrez@sakilacustomer.org,1,"Woodridge, Australia",Bhusawal,India,103.74,26,3.99,2005-08-23,Medium Value
214,Kristin Johnston,kristin.johnston@sakilacustomer.org,1,"Lethbridge, Canada",Sunnyvale,United States,103.74,31,3.99,2006-02-14,Medium Value
245,Courtney Day,courtney.day@sakilacustomer.org,1,"Lethbridge, Canada",Uijongbu,South Korea,103.74,32,3.99,2006-02-14,Medium Value
20,Sharon Robinson,sharon.robinson@sakilacustomer.org,1,"Woodridge, Australia",Mardan,Pakistan,103.73,30,3.84,2005-08-23,Medium Value
408,Manuel Murrell,manuel.murrell@sakilacustomer.org,1,"Lethbridge, Canada",Jaffna,Sri Lanka,103.73,30,3.84,2005-08-23,Medium Value
292,Misty Lambert,misty.lambert@sakilacustomer.org,1,"Woodridge, Australia",Sharja,United Arab Emirates,102.78,27,4.67,2005-08-22,Medium Value
553,Max Pitt,max.pitt@sakilacustomer.org,1,"Lethbridge, Canada",Novi Sad,Yugoslavia,102.77,24,4.47,2005-08-23,Medium Value
510,Ben Easter,ben.easter@sakilacustomer.org,0,"Woodridge, Australia",Kamyin,Russian Federation,102.77,26,4.47,2005-08-22,Medium Value
587,Sergio Stanfield,sergio.stanfield@sakilacustomer.org,1,"Lethbridge, Canada",Celaya,Mexico,102.76,26,4.28,2006-02-14,Medium Value
98,Lillian Griffin,lillian.griffin@sakilacustomer.org,1,"Lethbridge, Canada",al-Ayn,United Arab Emirates,102.76,25,4.28,2005-08-23,Medium Value
190,Yolanda Weaver,yolanda.weaver@sakilacustomer.org,1,"Woodridge, Australia",Tabora,Tanzania,102.75,27,4.11,2006-02-14,Medium Value
126,Ellen Simpson,ellen.simpson@sakilacustomer.org,1,"Lethbridge, Canada",Po,Brazil,102.75,28,4.11,2005-08-23,Medium Value
44,Marie Turner,marie.turner@sakilacustomer.org,1,"Lethbridge, Canada",Lipetsk,Russian Federation,101.79,26,4.85,2006-02-14,Medium Value
466,Leo Ebert,leo.ebert@sakilacustomer.org,1,"Lethbridge, Canada",Dongying,China,101.78,23,4.63,2005-08-23,Medium Value
100,Robin Hayes,robin.hayes@sakilacustomer.org,1,"Lethbridge, Canada",Jelets,Russian Federation,101.77,24,4.42,2006-02-14,Medium Value
593,Rene Mcalister,rene.mcalister@sakilacustomer.org,1,"Woodridge, Australia",Garden Grove,United States,101.76,26,4.24,2005-08-21,Medium Value
405,Leonard Schofield,leonard.schofield@sakilacustomer.org,1,"Lethbridge, Canada",Tandil,Argentina,101.7,32,3.39,2006-02-14,Medium Value
486,Glen Talbert,glen.talbert@sakilacustomer.org,1,"Lethbridge, Canada",Acua,Mexico,100.77,26,4.38,2005-08-21,Medium Value
572,Sidney Burleson,sidney.burleson@sakilacustomer.org,1,"Lethbridge, Canada",Czestochowa,Poland,100.76,25,4.2,2005-08-20,Medium Value
517,Brad Mccurdy,brad.mccurdy@sakilacustomer.org,1,"Woodridge, Australia",Chungho,Taiwan,100.76,25,4.2,2005-08-23,Medium Value
219,Willie Howell,willie.howell@sakilacustomer.org,1,"Woodridge, Australia",Vicente Lpez,Argentina,100.75,26,4.03,2006-02-14,Medium Value
251,Vickie Brewer,vickie.brewer@sakilacustomer.org,1,"Woodridge, Australia",Halle/Saale,Germany,100.75,31,4.03,2006-02-14,Medium Value
135,Juanita Mason,juanita.mason@sakilacustomer.org,1,"Woodridge, Australia",Pune,India,100.72,30,3.6,2006-02-14,Medium Value
519,Ron Deluca,ron.deluca@sakilacustomer.org,1,"Woodridge, Australia",Isesaki,Japan,99.78,23,4.54,2005-08-22,Medium Value
11,Lisa Anderson,lisa.anderson@sakilacustomer.org,1,"Woodridge, Australia",Sagamihara,Japan,99.77,24,4.34,2006-02-14,Medium Value
297,Sherri Rhodes,sherri.rhodes@sakilacustomer.org,1,"Lethbridge, Canada",Ahmadnagar,India,99.74,33,3.84,2005-08-23,Medium Value
57,Evelyn Morgan,evelyn.morgan@sakilacustomer.org,1,"Woodridge, Australia",Vaduz,Liechtenstein,99.74,28,3.84,2005-08-23,Medium Value
563,Ken Prewitt,ken.prewitt@sakilacustomer.org,1,"Woodridge, Australia",Bucuresti,Romania,99.73,29,3.69,2005-08-23,Low Value
503,Angel Barclay,angel.barclay@sakilacustomer.org,1,"Lethbridge, Canada",Ueda,Japan,99.72,32,3.56,2005-08-23,Low Value
452,Tom Milner,tom.milner@sakilacustomer.org,1,"Lethbridge, Canada",Abu Dhabi,United Arab Emirates,99.71,32,3.44,2006-02-14,Low Value
381,Bobby Boudreau,bobby.boudreau@sakilacustomer.org,1,"Woodridge, Australia",South Hill,Anguilla,99.68,35,3.12,2005-08-23,Low Value
19,Ruth Martinez,ruth.martinez@sakilacustomer.org,1,"Lethbridge, Canada",Kimberley,South Africa,98.82,24,5.49,2005-08-23,Low Value
329,Frank Waggoner,frank.waggoner@sakilacustomer.org,1,"Woodridge, Australia",Jamalpur,Bangladesh,98.77,32,4.29,2005-08-22,Low Value
537,Clinton Buford,clinton.buford@sakilacustomer.org,1,"Woodridge, Australia",Aurora,United States,98.76,25,4.12,2006-02-14,Low Value
175,Annette Olson,annette.olson@sakilacustomer.org,1,"Lethbridge, Canada",Allappuzha (Alleppey),India,98.76,24,4.12,2006-02-14,Low Value
374,Jeremy Hurtado,jeremy.hurtado@sakilacustomer.org,1,"Woodridge, Australia",Vitria de Santo Anto,Brazil,98.75,28,3.95,2006-02-14,Low Value
264,Gwendolyn May,gwendolyn.may@sakilacustomer.org,1,"Lethbridge, Canada",Higashiosaka,Japan,98.75,25,3.95,2006-02-14,Low Value
425,Francis Sikes,francis.sikes@sakilacustomer.org,1,"Woodridge, Australia",San Juan Bautista Tuxtepec,Mexico,98.75,26,3.95,2005-08-23,Low Value
580,Ross Grey,ross.grey@sakilacustomer.org,1,"Lethbridge, Canada",Iligan,Philippines,98.74,27,3.8,2005-08-23,Low Value
65,Rose Howard,rose.howard@sakilacustomer.org,1,"Woodridge, Australia",Cayenne,French Guiana,97.8,22,4.89,2005-08-21,Low Value
367,Adam Gooch,adam.gooch@sakilacustomer.org,1,"Lethbridge, Canada",Adoni,India,97.8,22,4.89,2005-08-21,Low Value
460,Leon Bostic,leon.bostic@sakilacustomer.org,1,"Lethbridge, Canada",Florencia,Colombia,97.79,25,4.66,2005-08-23,Low Value
562,Wallace Slone,wallace.slone@sakilacustomer.org,1,"Lethbridge, Canada",Sokoto,Nigeria,97.78,25,4.44,2005-08-23,Low Value
475,Pedro Chestnut,pedro.chestnut@sakilacustomer.org,1,"Woodridge, Australia",ostka,Ukraine,97.78,24,4.44,2005-08-22,Low Value
192,Laurie Lawrence,laurie.lawrence@sakilacustomer.org,1,"Lethbridge, Canada",Firozabad,India,97.78,23,4.44,2006-02-14,Low Value
409,Rodney Moeller,rodney.moeller@sakilacustomer.org,1,"Woodridge, Australia",Deba Habe,Nigeria,97.78,23,4.44,2005-08-21,Low Value
123,Shannon Freeman,shannon.freeman@sakilacustomer.org,1,"Woodridge, Australia",Varanasi (Benares),India,97.77,24,4.25,2005-08-23,Low Value
581,Virgil Wofford,virgil.wofford@sakilacustomer.org,1,"Lethbridge, Canada",Jos Azueta,Mexico,97.75,27,3.91,2005-08-23,Low Value
256,Mabel Holland,mabel.holland@sakilacustomer.org,1,"Woodridge, Australia",Monywa,Myanmar,97.75,30,3.91,2005-08-23,Low Value
268,Nina Soto,nina.soto@sakilacustomer.org,1,"Lethbridge, Canada",Palghat (Palakkad),India,96.79,29,4.61,2005-08-22,Low Value
379,Carlos Coughlin,carlos.coughlin@sakilacustomer.org,1,"Lethbridge, Canada",Bhavnagar,India,96.79,23,4.61,2005-08-23,Low Value
269,Cassandra Walters,cassandra.walters@sakilacustomer.org,1,"Lethbridge, Canada",Salinas,United States,96.79,30,4.61,2006-02-14,Low Value
352,Albert Crouse,albert.crouse@sakilacustomer.org,1,"Lethbridge, Canada",Bamenda,Cameroon,96.78,23,4.4,2006-02-14,Low Value
83,Louise Jenkins,louise.jenkins@sakilacustomer.org,1,"Lethbridge, Canada",Springs,South Africa,96.78,25,4.4,2006-02-14,Low Value
414,Vincent Ralston,vincent.ralston@sakilacustomer.org,1,"Lethbridge, Canada",Allende,Mexico,96.77,25,4.21,2005-08-23,Low Value
14,Betty White,betty.white@sakilacustomer.org,1,"Woodridge, Australia",Citrus Heights,United States,96.77,28,4.21,2006-02-14,Low Value
286,Velma Lucas,velma.lucas@sakilacustomer.org,1,"Lethbridge, Canada",Effon-Alaiye,Nigeria,96.76,27,4.03,2005-08-23,Low Value
445,Micheal Forman,micheal.forman@sakilacustomer.org,1,"Lethbridge, Canada",Escobar,Argentina,96.76,26,4.03,2005-08-23,Low Value
317,Edward Baugh,edward.baugh@sakilacustomer.org,1,"Woodridge, Australia",Trshavn,Faroe Islands,96.76,28,4.03,2006-02-14,Low Value
422,Melvin Ellington,melvin.ellington@sakilacustomer.org,1,"Lethbridge, Canada",Laohekou,China,96.75,26,3.87,2006-02-14,Low Value
500,Reginald Kinder,reginald.kinder@sakilacustomer.org,1,"Lethbridge, Canada",Madiun,Indonesia,96.75,28,3.87,2005-08-23,Low Value
74,Denise Kelly,denise.kelly@sakilacustomer.org,1,"Lethbridge, Canada",Rio Claro,Brazil,96.74,27,3.72,2005-08-23,Low Value
554,Dwayne Olvera,dwayne.olvera@sakilacustomer.org,1,"Lethbridge, Canada",Rajkot,India,95.8,22,4.79,2005-08-23,Low Value
106,Connie Wallace,connie.wallace@sakilacustomer.org,1,"Lethbridge, Canada",Ivanovo,Russian Federation,95.79,23,4.56,2005-08-22,Low Value
578,Willard Lumpkin,willard.lumpkin@sakilacustomer.org,1,"Woodridge, Australia",Carmen,Mexico,95.79,22,4.56,2005-08-23,Low Value
541,Darren Windham,darren.windham@sakilacustomer.org,1,"Woodridge, Australia",Livorno,Italy,95.78,24,4.35,2005-08-23,Low Value
324,Gary Coy,gary.coy@sakilacustomer.org,1,"Woodridge, Australia",Yuzhou,China,95.78,25,4.35,2006-02-14,Low Value
180,Stacy Cunningham,stacy.cunningham@sakilacustomer.org,1,"Woodridge, Australia",Pereira,Colombia,95.78,23,4.35,2006-02-14,Low Value
488,Shane Millard,shane.millard@sakilacustomer.org,1,"Woodridge, Australia",La Paz,Mexico,95.78,22,4.35,2005-08-23,Low Value
339,Walter Perryman,walter.perryman@sakilacustomer.org,1,"Woodridge, Australia",Xinxiang,China,95.76,30,3.99,2005-08-21,Low Value
199,Beth Franklin,beth.franklin@sakilacustomer.org,1,"Woodridge, Australia",Haiphong,Vietnam,95.76,25,3.99,2006-02-14,Low Value
456,Ronnie Ricketts,ronnie.ricketts@sakilacustomer.org,1,"Woodridge, Australia",Ziguinchor,Senegal,95.76,25,3.99,2005-08-23,Low Value
132,Esther Crawford,esther.crawford@sakilacustomer.org,1,"Woodridge, Australia",Botshabelo,South Africa,95.72,28,3.42,2005-08-23,Low Value
22,Laura Rodriguez,laura.rodriguez@sakilacustomer.org,1,"Lethbridge, Canada",Sal,Morocco,94.81,22,4.99,2006-02-14,Low Value
68,Nicole Peterson,nicole.peterson@sakilacustomer.org,1,"Lethbridge, Canada",Shivapuri,India,94.78,22,4.31,2005-08-23,Low Value
150,Danielle Daniels,danielle.daniels@sakilacustomer.org,1,"Woodridge, Australia",Hidalgo,Mexico,94.78,25,4.31,2005-08-21,Low Value
276,Brandy Graves,brandy.graves@sakilacustomer.org,1,"Lethbridge, Canada",Warren,United States,94.77,28,4.12,2005-08-23,Low Value
153,Suzanne Nichols,suzanne.nichols@sakilacustomer.org,1,"Woodridge, Australia",Jakarta,Indonesia,94.76,24,3.95,2005-08-23,Low Value
10,Dorothy Taylor,dorothy.taylor@sakilacustomer.org,1,"Lethbridge, Canada",Esfahan,Iran,94.76,25,3.95,2005-08-22,Low Value
161,Geraldine Perkins,geraldine.perkins@sakilacustomer.org,1,"Lethbridge, Canada",Tel Aviv-Jaffa,Israel,94.76,30,3.95,2005-08-22,Low Value
111,Carmen Owens,carmen.owens@sakilacustomer.org,1,"Lethbridge, Canada",Caracas,Venezuela,94.75,26,3.79,2006-02-14,Low Value
321,Kevin Schuler,kevin.schuler@sakilacustomer.org,1,"Lethbridge, Canada",Birgunj,Nepal,93.83,22,5.52,2005-08-23,Low Value
528,Claude Herzog,claude.herzog@sakilacustomer.org,1,"Lethbridge, Canada",Benguela,Angola,93.8,25,4.69,2005-08-23,Low Value
432,Edwin Burk,edwin.burk@sakilacustomer.org,1,"Lethbridge, Canada",Newcastle,South Africa,93.8,23,4.69,2005-08-23,Low Value
443,Francisco Skidmore,francisco.skidmore@sakilacustomer.org,1,"Woodridge, Australia",So Leopoldo,Brazil,93.79,22,4.47,2005-08-23,Low Value
319,Ronald Weiner,ronald.weiner@sakilacustomer.org,1,"Woodridge, Australia",San Felipe del Progreso,Mexico,93.79,30,4.47,2005-08-22,Low Value
105,Dawn Sullivan,dawn.sullivan@sakilacustomer.org,1,"Lethbridge, Canada",Funafuti,Tuvalu,93.78,26,4.26,2005-08-23,Low Value
336,Joshua Mark,joshua.mark@sakilacustomer.org,1,"Lethbridge, Canada",Rampur,India,93.78,30,4.26,2006-02-14,Low Value
385,Phillip Holm,phillip.holm@sakilacustomer.org,1,"Lethbridge, Canada",Tama,Japan,93.76,26,3.91,2005-08-23,Low Value
229,Tamara Nguyen,tamara.nguyen@sakilacustomer.org,1,"Lethbridge, Canada",Anpolis,Brazil,93.75,25,3.75,2006-02-14,Low Value
383,Martin Bales,martin.bales@sakilacustomer.org,1,"Lethbridge, Canada",Namibe,Angola,93.75,27,3.75,2005-08-23,Low Value
12,Nancy Thomas,nancy.thomas@sakilacustomer.org,1,"Lethbridge, Canada",Yamuna Nagar,India,93.74,28,3.61,2005-08-23,Low Value
377,Howard Fortner,howard.fortner@sakilacustomer.org,1,"Lethbridge, Canada",Kermanshah,Iran,93.74,26,3.61,2005-08-23,Low Value
47,Frances Parker,frances.parker@sakilacustomer.org,1,"Lethbridge, Canada",Juazeiro do Norte,Brazil,92.81,22,4.88,2005-08-23,Low Value
307,Joseph Joy,joseph.joy@sakilacustomer.org,1,"Woodridge, Australia",Angra dos Reis,Brazil,92.8,30,4.64,2005-08-23,Low Value
544,Cody Nolen,cody.nolen@sakilacustomer.org,1,"Woodridge, Australia",So Bernardo do Campo,Brazil,92.8,22,4.64,2005-08-23,Low Value
81,Andrea Henderson,andrea.henderson@sakilacustomer.org,1,"Lethbridge, Canada",Mahajanga,Madagascar,92.79,22,4.42,2005-08-23,Low Value
365,Bruce Schwarz,bruce.schwarz@sakilacustomer.org,1,"Woodridge, Australia",Okinawa,Japan,92.79,23,4.42,2005-08-21,Low Value
511,Chester Benner,chester.benner@sakilacustomer.org,1,"Lethbridge, Canada",Suihua,China,92.78,24,4.22,2005-08-22,Low Value
431,Joel Francisco,joel.francisco@sakilacustomer.org,1,"Woodridge, Australia",Sucre,Bolivia,92.78,23,4.22,2006-02-14,Low Value
516,Elmer Noe,elmer.noe@sakilacustomer.org,1,"Woodridge, Australia",Battambang,Cambodia,92.76,26,3.87,2006-02-14,Low Value
182,Renee Lane,renee.lane@sakilacustomer.org,1,"Lethbridge, Canada",Compton,United States,92.76,26,3.87,2005-08-22,Low Value
474,Dustin Gillette,dustin.gillette@sakilacustomer.org,1,"Woodridge, Australia",Emmen,Netherlands,92.75,26,3.71,2006-02-14,Low Value
275,Carole Barnett,carole.barnett@sakilacustomer.org,1,"Woodridge, Australia",Peoria,United States,92.75,30,3.71,2005-08-23,Low Value
188,Melanie Armstrong,melanie.armstrong@sakilacustomer.org,1,"Lethbridge, Canada",Bayugan,Philippines,92.75,25,3.71,2006-02-14,Low Value
505,Rafael Abney,rafael.abney@sakilacustomer.org,1,"Lethbridge, Canada",Talavera,Philippines,91.81,21,4.83,2006-02-14,Low Value
489,Ricardo Meador,ricardo.meador@sakilacustomer.org,1,"Lethbridge, Canada",Okayama,Japan,91.81,21,4.83,2005-08-23,Low Value
212,Wilma Richards,wilma.richards@sakilacustomer.org,1,"Woodridge, Australia",Bellevue,United States,91.8,20,4.59,2005-08-23,Low Value
37,Pamela Baker,pamela.baker@sakilacustomer.org,1,"Lethbridge, Canada",Nanyang,China,91.79,23,4.37,2005-08-23,Low Value
201,Vicki Fields,vicki.fields@sakilacustomer.org,1,"Lethbridge, Canada",Witten,Germany,91.78,25,4.17,2005-08-23,Low Value
417,Travis Estep,travis.estep@sakilacustomer.org,1,"Lethbridge, Canada",al-Qatif,Saudi Arabia,91.78,25,4.17,2006-02-14,Low Value
392,Sean Douglass,sean.douglass@sakilacustomer.org,1,"Woodridge, Australia",Addis Abeba,Ethiopia,91.77,23,3.99,2005-08-21,Low Value
570,Ivan Cromwell,ivan.cromwell@sakilacustomer.org,1,"Woodridge, Australia",Monclova,Mexico,91.75,26,3.67,2006-02-14,Low Value
323,Matthew Mahan,matthew.mahan@sakilacustomer.org,1,"Woodridge, Australia",Cuautla,Mexico,91.75,31,3.67,2005-08-23,Low Value
64,Judith Cox,judith.cox@sakilacustomer.org,0,"Woodridge, Australia",Daxian,China,91.7,33,3.06,2006-02-14,Low Value
216,Natalie Meyer,natalie.meyer@sakilacustomer.org,1,"Lethbridge, Canada",Aparecida de Goinia,Brazil,90.78,23,4.13,2006-02-14,Low Value
261,Deanna Byrd,deanna.byrd@sakilacustomer.org,1,"Lethbridge, Canada",Tuguegarao,Philippines,90.78,26,4.13,2005-08-22,Low Value
546,Kelly Knott,kelly.knott@sakilacustomer.org,1,"Lethbridge, Canada",Sanya,China,90.77,25,3.95,2005-08-23,Low Value
99,Emily Diaz,emily.diaz@sakilacustomer.org,1,"Woodridge, Australia",Kimchon,South Korea,90.77,24,3.95,2006-02-14,Low Value
36,Kathleen Adams,kathleen.adams@sakilacustomer.org,1,"Woodridge, Australia",Arak,Iran,90.75,27,3.63,2005-08-23,Low Value
461,Derek Blakely,derek.blakely@sakilacustomer.org,1,"Lethbridge, Canada",Gingoog,Philippines,90.73,28,3.36,2005-08-23,Low Value
552,Hugh Waldrop,hugh.waldrop@sakilacustomer.org,1,"Woodridge, Australia",Haining,China,89.8,21,4.49,2005-08-23,Low Value
333,Andrew Purdy,andrew.purdy@sakilacustomer.org,1,"Woodridge, Australia",Baku,Azerbaijan,89.78,27,4.08,2005-08-22,Low Value
43,Christine Roberts,christine.roberts@sakilacustomer.org,1,"Woodridge, Australia",Faaa,French Polynesia,89.78,24,4.08,2006-02-14,Low Value
364,Benjamin Varney,benjamin.varney@sakilacustomer.org,1,"Lethbridge, Canada",Guadalajara,Mexico,89.78,23,4.08,2005-08-22,Low Value
73,Beverly Brooks,beverly.brooks@sakilacustomer.org,1,"Woodridge, Australia",Chiayi,Taiwan,89.78,24,4.08,2006-02-14,Low Value
235,Jackie Lynch,jackie.lynch@sakilacustomer.org,1,"Lethbridge, Canada",Buenaventura,Colombia,89.77,25,3.9,2005-08-22,Low Value
69,Judy Gray,judy.gray@sakilacustomer.org,1,"Woodridge, Australia",Bchar,Algeria,89.77,25,3.9,2006-02-14,Low Value
233,Lillie Kim,lillie.kim@sakilacustomer.org,1,"Woodridge, Australia",Idfu,Egypt,89.77,23,3.9,2005-08-23,Low Value
507,Edgar Rhoads,edgar.rhoads@sakilacustomer.org,1,"Woodridge, Australia",Eskisehir,Turkey,89.77,25,3.9,2005-08-22,Low Value
156,Bertha Ferguson,bertha.ferguson@sakilacustomer.org,1,"Lethbridge, Canada",Ondo,Nigeria,89.77,25,3.9,2005-08-22,Low Value
463,Darrell Power,darrell.power@sakilacustomer.org,1,"Woodridge, Australia",Halifax,Canada,89.76,25,3.74,2005-08-22,Low Value
34,Rebecca Scott,rebecca.scott@sakilacustomer.org,1,"Woodridge, Australia",Kurashiki,Japan,89.76,24,3.74,2005-08-21,Low Value
361,Lawrence Lawton,lawrence.lawton@sakilacustomer.org,1,"Woodridge, Australia",Yaound,Cameroon,89.71,31,3.09,2006-02-14,Low Value
249,Dora Medina,dora.medina@sakilacustomer.org,1,"Woodridge, Australia",Tianjin,China,88.81,23,4.67,2005-08-22,Low Value
247,Stella Moreno,stella.moreno@sakilacustomer.org,1,"Lethbridge, Canada",Coacalco de Berriozbal,Mexico,88.81,22,4.67,2005-08-23,Low Value
375,Aaron Selby,aaron.selby@sakilacustomer.org,1,"Woodridge, Australia",Mwene-Ditu,"Congo, The Democratic Republic of the",88.8,24,4.44,2005-08-23,Low Value
33,Anna Hill,anna.hill@sakilacustomer.org,1,"Woodridge, Australia",Alessandria,Italy,88.8,21,4.44,2006-02-14,Low Value
60,Mildred Bailey,mildred.bailey@sakilacustomer.org,1,"Lethbridge, Canada",Jaipur,India,88.78,25,4.04,2006-02-14,Low Value
415,Glenn Pullen,glenn.pullen@sakilacustomer.org,1,"Lethbridge, Canada",Amersfoort,Netherlands,88.78,23,4.04,2005-08-23,Low Value
231,Georgia Jacobs,georgia.jacobs@sakilacustomer.org,1,"Lethbridge, Canada",Uttarpara-Kotrung,India,88.77,26,3.86,2005-08-22,Low Value
53,Heather Morris,heather.morris@sakilacustomer.org,1,"Lethbridge, Canada",Nagareyama,Japan,88.76,30,3.7,2006-02-14,Low Value
133,Pauline Henry,pauline.henry@sakilacustomer.org,1,"Lethbridge, Canada",Torren,Mexico,88.75,27,3.55,2005-08-23,Low Value
72,Theresa Watson,theresa.watson@sakilacustomer.org,1,"Woodridge, Australia",Taguig,Philippines,88.73,30,3.29,2005-08-22,Low Value
17,Donna Thompson,donna.thompson@sakilacustomer.org,1,"Lethbridge, Canada",Elista,Russian Federation,87.82,21,4.88,2005-08-23,Low Value
203,Tara Ryan,tara.ryan@sakilacustomer.org,1,"Lethbridge, Canada",Gorontalo,Indonesia,87.81,20,4.62,2005-08-23,Low Value
476,Derrick Bourque,derrick.bourque@sakilacustomer.org,1,"Lethbridge, Canada",Gatineau,Canada,87.8,22,4.39,2006-02-14,Low Value
523,Harvey Guajardo,harvey.guajardo@sakilacustomer.org,1,"Lethbridge, Canada",Vinh,Vietnam,87.8,22,4.39,2005-08-22,Low Value
305,Richard Mccrary,richard.mccrary@sakilacustomer.org,1,"Lethbridge, Canada",Arlington,United States,87.8,25,4.39,2005-08-23,Low Value
547,Kurt Emmons,kurt.emmons@sakilacustomer.org,1,"Lethbridge, Canada",Kanazawa,Japan,87.8,23,4.39,2005-08-22,Low Value
226,Maureen Little,maureen.little@sakilacustomer.org,1,"Woodridge, Australia",Asuncin,Paraguay,87.79,21,4.18,2005-08-23,Low Value
189,Loretta Carpenter,loretta.carpenter@sakilacustomer.org,1,"Lethbridge, Canada",Oshawa,Canada,87.79,22,4.18,2005-08-23,Low Value
130,Charlotte Hunter,charlotte.hunter@sakilacustomer.org,1,"Lethbridge, Canada",guas Lindas de Gois,Brazil,87.78,24,3.99,2005-08-23,Low Value
351,Jack Foust,jack.foust@sakilacustomer.org,1,"Lethbridge, Canada",Zeleznogorsk,Russian Federation,87.77,24,3.82,2005-08-23,Low Value
597,Freddie Duggan,freddie.duggan@sakilacustomer.org,1,"Lethbridge, Canada",Sullana,Peru,87.77,25,3.82,2006-02-14,Low Value
509,Raul Fortier,raul.fortier@sakilacustomer.org,1,"Lethbridge, Canada",Chapra,India,86.82,20,4.82,2005-08-23,Low Value
238,Nellie Garrett,nellie.garrett@sakilacustomer.org,1,"Lethbridge, Canada",Shimoga,India,86.81,21,4.57,2005-08-23,Low Value
195,Vanessa Sims,vanessa.sims@sakilacustomer.org,1,"Lethbridge, Canada",Siegen,Germany,86.81,19,4.57,2005-08-23,Low Value
501,Ruben Geary,ruben.geary@sakilacustomer.org,1,"Lethbridge, Canada",Lublin,Poland,86.81,21,4.57,2005-08-23,Low Value
478,Lewis Lyman,lewis.lyman@sakilacustomer.org,1,"Lethbridge, Canada",Ashqelon,Israel,86.81,19,4.57,2005-08-23,Low Value
169,Erica Matthews,erica.matthews@sakilacustomer.org,0,"Woodridge, Australia",Pingxiang,China,86.8,22,4.34,2005-08-23,Low Value
67,Kelly Torres,kelly.torres@sakilacustomer.org,1,"Lethbridge, Canada",Xiangtan,China,86.8,22,4.34,2005-08-22,Low Value
217,Agnes Bishop,agnes.bishop@sakilacustomer.org,1,"Woodridge, Australia",Sambhal,India,86.79,23,4.13,2005-08-22,Low Value
101,Peggy Myers,peggy.myers@sakilacustomer.org,1,"Lethbridge, Canada",Abha,Saudi Arabia,86.77,24,3.77,2006-02-14,Low Value
232,Constance Reid,constance.reid@sakilacustomer.org,1,"Woodridge, Australia",Zaria,Nigeria,86.77,25,3.77,2005-08-23,Low Value
419,Chad Carbone,chad.carbone@sakilacustomer.org,1,"Lethbridge, Canada",Katihar,India,86.76,25,3.62,2005-08-23,Low Value
208,Lucy Wheeler,lucy.wheeler@sakilacustomer.org,1,"Lethbridge, Canada",Balurghat,India,86.75,26,3.47,2006-02-14,Low Value
228,Allison Stanley,allison.stanley@sakilacustomer.org,1,"Woodridge, Australia",Phnom Penh,Cambodia,86.75,27,3.47,2006-02-14,Low Value
561,Ian Still,ian.still@sakilacustomer.org,1,"Woodridge, Australia",Garland,United States,86.75,27,3.47,2006-02-14,Low Value
115,Wendy Harrison,wendy.harrison@sakilacustomer.org,1,"Lethbridge, Canada",Nezahualcyotl,Mexico,86.73,30,3.21,2006-02-14,Low Value
567,Alfredo Mcadams,alfredo.mcadams@sakilacustomer.org,1,"Woodridge, Australia",Serpuhov,Russian Federation,85.8,20,4.29,2005-08-23,Low Value
437,Randall Neumann,randall.neumann@sakilacustomer.org,1,"Woodridge, Australia",La Romana,Dominican Republic,85.8,23,4.29,2005-08-22,Low Value
359,Willie Markham,willie.markham@sakilacustomer.org,1,"Woodridge, Australia",Almirante Brown,Argentina,85.78,25,3.9,2006-02-14,Low Value
382,Victor Barkley,victor.barkley@sakilacustomer.org,1,"Woodridge, Australia",Manchester,United States,85.78,24,3.9,2005-08-23,Low Value
455,Jon Wiles,jon.wiles@sakilacustomer.org,1,"Woodridge, Australia",El Alto,Bolivia,85.78,24,3.9,2005-08-23,Low Value
77,Jane Bennett,jane.bennett@sakilacustomer.org,1,"Woodridge, Australia",Araatuba,Brazil,85.77,28,3.73,2005-08-22,Low Value
8,Susan Wilson,susan.wilson@sakilacustomer.org,1,"Woodridge, Australia",Hamilton,New Zealand,85.77,24,3.73,2005-08-23,Low Value
24,Kimberly Lee,kimberly.lee@sakilacustomer.org,1,"Woodridge, Australia",Crdoba,Argentina,85.77,25,3.73,2005-08-22,Low Value
450,Jay Robb,jay.robb@sakilacustomer.org,1,"Lethbridge, Canada",Surakarta,Indonesia,85.75,26,3.43,2006-02-14,Low Value
542,Lonnie Tirado,lonnie.tirado@sakilacustomer.org,1,"Woodridge, Australia",Pangkal Pinang,Indonesia,84.84,18,5.3,2005-08-22,Low Value
545,Julio Noland,julio.noland@sakilacustomer.org,1,"Woodridge, Australia",Konotop,Ukraine,84.81,21,4.46,2005-08-23,Low Value
55,Doris Reed,doris.reed@sakilacustomer.org,1,"Woodridge, Australia",Balaiha,Russian Federation,84.81,22,4.46,2005-08-22,Low Value
539,Mathew Bolin,mathew.bolin@sakilacustomer.org,1,"Lethbridge, Canada",Valencia,Venezuela,84.8,22,4.24,2005-08-22,Low Value
88,Bonnie Hughes,bonnie.hughes@sakilacustomer.org,1,"Woodridge, Australia",Cheju,South Korea,84.8,21,4.24,2005-08-23,Low Value
299,James Gannon,james.gannon@sakilacustomer.org,1,"Woodridge, Australia",Hiroshima,Japan,84.79,30,4.04,2005-08-22,Low Value
6,Jennifer Davis,jennifer.davis@sakilacustomer.org,1,"Woodridge, Australia",Laredo,United States,84.75,28,3.39,2005-08-23,Low Value
140,Eva Ramos,eva.ramos@sakilacustomer.org,1,"Lethbridge, Canada",Clarksville,United States,83.82,18,4.66,2005-08-23,Low Value
480,Corey Hauser,corey.hauser@sakilacustomer.org,1,"Lethbridge, Canada",Gaziantep,Turkey,83.81,22,4.41,2005-08-23,Low Value
143,Leslie Gordon,leslie.gordon@sakilacustomer.org,1,"Lethbridge, Canada",Kilis,Turkey,83.8,22,4.19,2005-08-23,Low Value
440,Bernard Colby,bernard.colby@sakilacustomer.org,1,"Lethbridge, Canada",Dhule (Dhulia),India,83.79,22,3.99,2006-02-14,Low Value
598,Wade Delvalle,wade.delvalle@sakilacustomer.org,1,"Lethbridge, Canada",Lausanne,Switzerland,83.78,22,3.81,2005-08-23,Low Value
340,Patrick Newsom,patrick.newsom@sakilacustomer.org,1,"Lethbridge, Canada",Hanoi,Vietnam,83.77,31,3.64,2005-08-22,Low Value
496,Tyler Wren,tyler.wren@sakilacustomer.org,1,"Woodridge, Australia",Rizhao,China,82.81,21,4.36,2006-02-14,Low Value
564,Bob Pfeiffer,bob.pfeiffer@sakilacustomer.org,1,"Woodridge, Australia",Xintai,China,82.78,24,3.76,2005-08-22,Low Value
498,Gene Sanborn,gene.sanborn@sakilacustomer.org,1,"Lethbridge, Canada",Salala,Oman,82.76,27,3.45,2005-08-19,Low Value
483,Vernon Chapa,vernon.chapa@sakilacustomer.org,1,"Woodridge, Australia",Denizli,Turkey,81.83,18,4.81,2005-08-19,Low Value
524,Jared Ely,jared.ely@sakilacustomer.org,1,"Lethbridge, Canada",Purwakarta,Indonesia,81.83,19,4.81,2005-08-22,Low Value
308,Thomas Grigsby,thomas.grigsby@sakilacustomer.org,1,"Lethbridge, Canada",Kansas City,United States,81.81,25,4.31,2005-08-23,Low Value
174,Yvonne Watkins,yvonne.watkins@sakilacustomer.org,1,"Woodridge, Australia",Ocumare del Tuy,Venezuela,81.81,21,4.31,2005-08-23,Low Value
322,Jason Morrissey,jason.morrissey@sakilacustomer.org,1,"Lethbridge, Canada",Baha Blanca,Argentina,81.81,28,4.31,2005-08-23,Low Value
165,Lorraine Stephens,lorraine.stephens@sakilacustomer.org,1,"Woodridge, Australia",Hami,China,81.8,21,4.09,2005-08-23,Low Value
312,Mark Rinehart,mark.rinehart@sakilacustomer.org,1,"Woodridge, Australia",Tabuk,Saudi Arabia,81.8,26,4.09,2005-08-23,Low Value
4,Barbara Jones,barbara.jones@sakilacustomer.org,1,"Woodridge, Australia",Myingyan,Myanmar,81.78,22,3.72,2005-08-23,Low Value
534,Christian Jung,christian.jung@sakilacustomer.org,0,"Lethbridge, Canada",Amroha,India,81.78,24,3.72,2006-02-14,Low Value
215,Jessie Banks,jessie.banks@sakilacustomer.org,1,"Woodridge, Australia",Stara Zagora,Bulgaria,81.76,26,3.41,2006-02-14,Low Value
527,Cory Meehan,cory.meehan@sakilacustomer.org,1,"Lethbridge, Canada",Mogiljov,Belarus,81.76,24,3.41,2006-02-14,Low Value
151,Megan Palmer,megan.palmer@sakilacustomer.org,1,"Woodridge, Australia",Laiwu,China,81.75,27,3.27,2005-08-23,Low Value
311,Paul Trout,paul.trout@sakilacustomer.org,1,"Woodridge, Australia",Kursk,Russian Federation,80.85,23,5.39,2005-08-23,Low Value
449,Oscar Aquino,oscar.aquino@sakilacustomer.org,1,"Woodridge, Australia",Sirjan,Iran,80.83,20,4.75,2005-08-22,Low Value
205,Eileen Carr,eileen.carr@sakilacustomer.org,1,"Woodridge, Australia",Ciudad del Este,Paraguay,80.82,18,4.49,2005-08-22,Low Value
316,Steven Curley,steven.curley@sakilacustomer.org,1,"Lethbridge, Canada",Miraj,India,80.81,29,4.25,2005-08-23,Low Value
184,Vivian Ruiz,vivian.ruiz@sakilacustomer.org,1,"Lethbridge, Canada",s-Hertogenbosch,Netherlands,80.8,23,4.04,2005-08-23,Low Value
287,Becky Miles,becky.miles@sakilacustomer.org,1,"Woodridge, Australia",Tambaram,India,80.78,29,3.67,2006-02-14,Low Value
290,Kristina Chambers,kristina.chambers@sakilacustomer.org,1,"Lethbridge, Canada",Valle de la Pascua,Venezuela,80.78,28,3.67,2005-08-20,Low Value
521,Roland South,roland.south@sakilacustomer.org,1,"Woodridge, Australia",Yingkou,China,80.77,23,3.51,2006-02-14,Low Value
357,Keith Rico,keith.rico@sakilacustomer.org,1,"Lethbridge, Canada",Bratislava,Slovakia,80.77,26,3.51,2005-08-23,Low Value
109,Edna West,edna.west@sakilacustomer.org,1,"Woodridge, Australia",Klerksdorp,South Africa,79.81,26,4.2,2005-08-23,Low Value
304,David Royal,david.royal@sakilacustomer.org,1,"Woodridge, Australia",Callao,Peru,79.81,26,4.2,2005-08-22,Low Value
185,Roberta Harper,roberta.harper@sakilacustomer.org,1,"Lethbridge, Canada",Shahr-e Kord,Iran,79.8,23,3.99,2005-08-21,Low Value
282,Jenny Castro,jenny.castro@sakilacustomer.org,1,"Woodridge, Australia",Ponce,Puerto Rico,79.8,27,3.99,2006-02-14,Low Value
387,Jesse Schilling,jesse.schilling@sakilacustomer.org,1,"Woodridge, Australia",Lubumbashi,"Congo, The Democratic Republic of the",79.78,26,3.63,2005-08-22,Low Value
391,Clarence Gamez,clarence.gamez@sakilacustomer.org,1,"Lethbridge, Canada",Izumisano,Japan,79.75,30,3.19,2005-08-21,Low Value
429,Frederick Isbell,frederick.isbell@sakilacustomer.org,1,"Woodridge, Australia",Tsuyama,Japan,78.84,21,4.93,2005-08-21,Low Value
599,Austin Cintron,austin.cintron@sakilacustomer.org,1,"Woodridge, Australia",Tieli,China,78.82,19,4.38,2005-08-23,Low Value
18,Carol Garcia,carol.garcia@sakilacustomer.org,1,"Woodridge, Australia",Kaduna,Nigeria,78.81,22,4.15,2005-08-20,Low Value
9,Margaret Moore,margaret.moore@sakilacustomer.org,1,"Woodridge, Australia",Masqat,Oman,78.8,23,3.94,2006-02-14,Low Value
338,Dennis Gilman,dennis.gilman@sakilacustomer.org,1,"Lethbridge, Canada",Paarl,South Africa,78.8,28,3.94,2005-08-22,Low Value
298,Erika Pena,erika.pena@sakilacustomer.org,1,"Lethbridge, Canada",Oulu,Finland,78.79,26,3.75,2005-08-23,Low Value
62,Joan Cooper,joan.cooper@sakilacustomer.org,1,"Lethbridge, Canada",Saint Louis,United States,78.79,23,3.75,2005-08-23,Low Value
227,Colleen Burton,colleen.burton@sakilacustomer.org,1,"Lethbridge, Canada",Saarbrcken,Germany,78.78,24,3.58,2006-02-14,Low Value
435,Ricky Shelby,ricky.shelby@sakilacustomer.org,1,"Woodridge, Australia",Junan,China,78.77,25,3.42,2005-08-22,Low Value
223,Melinda Fernandez,melinda.fernandez@sakilacustomer.org,1,"Lethbridge, Canada",Mandi Bahauddin,Pakistan,77.84,17,4.87,2005-08-23,Low Value
402,Luis Yanez,luis.yanez@sakilacustomer.org,1,"Lethbridge, Canada",Brest,France,77.81,20,4.1,2005-08-23,Low Value
134,Emma Boyd,emma.boyd@sakilacustomer.org,1,"Lethbridge, Canada",Qalyub,Egypt,77.81,23,4.1,2005-08-23,Low Value
394,Chris Brothers,chris.brothers@sakilacustomer.org,1,"Woodridge, Australia",Gijn,Spain,77.8,22,3.89,2006-02-14,Low Value
384,Ernest Stepp,ernest.stepp@sakilacustomer.org,1,"Woodridge, Australia",Huaian,China,77.79,25,3.7,2005-08-22,Low Value
104,Rita Graham,rita.graham@sakilacustomer.org,1,"Lethbridge, Canada",Toulon,France,77.78,24,3.54,2005-08-22,Low Value
243,Lydia Burke,lydia.burke@sakilacustomer.org,1,"Lethbridge, Canada",San Miguel de Tucumn,Argentina,77.77,24,3.38,2005-08-21,Low Value
246,Marian Mendoza,marian.mendoza@sakilacustomer.org,1,"Lethbridge, Canada",Maring,Brazil,76.82,23,4.27,2005-08-23,Low Value
93,Phyllis Foster,phyllis.foster@sakilacustomer.org,1,"Lethbridge, Canada",Zalantun,China,76.8,23,3.84,2005-08-23,Low Value
118,Kim Cruz,kim.cruz@sakilacustomer.org,1,"Lethbridge, Canada",Grand Prairie,United States,76.8,21,3.84,2005-08-23,Low Value
224,Pearl Garza,pearl.garza@sakilacustomer.org,1,"Woodridge, Australia",Jodhpur,India,76.78,22,3.49,2005-08-23,Low Value
70,Christina Ramirez,christina.ramirez@sakilacustomer.org,1,"Woodridge, Australia",al-Hawiya,Saudi Arabia,75.83,18,4.46,2005-08-23,Low Value
270,Leah Curtis,leah.curtis@sakilacustomer.org,1,"Lethbridge, Canada",Kalisz,Poland,75.81,25,3.99,2005-08-23,Low Value
358,Samuel Marlow,samuel.marlow@sakilacustomer.org,1,"Woodridge, Australia",Ranchi,India,75.8,21,3.79,2005-08-20,Low Value
551,Clayton Barbee,clayton.barbee@sakilacustomer.org,1,"Woodridge, Australia",Alvorada,Brazil,75.79,26,3.61,2005-08-22,Low Value
530,Darryl Ashcraft,darryl.ashcraft@sakilacustomer.org,1,"Woodridge, Australia",Ezeiza,Argentina,75.78,23,3.44,2006-02-14,Low Value
183,Ida Andrews,ida.andrews@sakilacustomer.org,1,"Woodridge, Australia",Luzinia,Brazil,75.78,23,3.44,2005-08-20,Low Value
194,Kristen Chavez,kristen.chavez@sakilacustomer.org,1,"Woodridge, Australia",Hino,Japan,74.84,18,4.68,2005-08-23,Low Value
412,Allen Butterfield,allen.butterfield@sakilacustomer.org,1,"Woodridge, Australia",Hoshiarpur,India,74.83,21,4.4,2006-02-14,Low Value
555,Dwight Lombardi,dwight.lombardi@sakilacustomer.org,1,"Lethbridge, Canada",Chatsworth,South Africa,74.83,17,4.4,2005-08-22,Low Value
327,Larry Thrasher,larry.thrasher@sakilacustomer.org,1,"Woodridge, Australia",Adana,Turkey,74.81,26,3.94,2006-02-14,Low Value
420,Jacob Lance,jacob.lance@sakilacustomer.org,1,"Lethbridge, Canada",El Monte,United States,74.8,21,3.74,2005-08-23,Low Value
76,Irene Price,irene.price@sakilacustomer.org,1,"Woodridge, Australia",Pavlodar,Kazakstan,74.79,23,3.56,2005-08-23,Low Value
142,April Burns,april.burns@sakilacustomer.org,1,"Lethbridge, Canada",Dundee,United Kingdom,74.77,26,3.25,2006-02-14,Low Value
398,Antonio Meek,antonio.meek@sakilacustomer.org,1,"Lethbridge, Canada",Bag,Brazil,73.85,16,4.92,2005-08-22,Low Value
291,Toni Holt,toni.holt@sakilacustomer.org,1,"Lethbridge, Canada",Roanoke,United States,73.83,23,4.34,2005-08-23,Low Value
399,Danny Isom,danny.isom@sakilacustomer.org,1,"Lethbridge, Canada",Okara,Pakistan,73.82,21,4.1,2005-08-23,Low Value
152,Alicia Mills,alicia.mills@sakilacustomer.org,1,"Lethbridge, Canada",Nagaon,India,73.81,21,3.88,2006-02-14,Low Value
79,Rachel Barnes,rachel.barnes@sakilacustomer.org,1,"Lethbridge, Canada",Kamakura,Japan,73.81,22,3.88,2005-08-21,Low Value
428,Herbert Kruger,herbert.kruger@sakilacustomer.org,1,"Woodridge, Australia",Syktyvkar,Russian Federation,73.81,20,3.88,2005-08-17,Low Value
543,Lance Pemberton,lance.pemberton@sakilacustomer.org,1,"Lethbridge, Canada",Beni-Mellal,Morocco,73.8,22,3.69,2005-08-23,Low Value
335,Gregory Mauldin,gregory.mauldin@sakilacustomer.org,1,"Lethbridge, Canada",Sousse,Tunisia,73.78,23,3.35,2006-02-14,Low Value
596,Enrique Forsythe,enrique.forsythe@sakilacustomer.org,1,"Lethbridge, Canada",Patras,Greece,73.78,28,3.35,2006-02-14,Low Value
411,Norman Currier,norman.currier@sakilacustomer.org,1,"Lethbridge, Canada",Cianjur,Indonesia,73.76,26,3.07,2006-02-14,Low Value
95,Paula Bryant,paula.bryant@sakilacustomer.org,1,"Woodridge, Australia",Pathankot,India,72.83,18,4.28,2005-08-21,Low Value
556,Armando Gruber,armando.gruber@sakilacustomer.org,1,"Woodridge, Australia",Southport,United Kingdom,72.82,21,4.05,2005-08-23,Low Value
325,Timothy Bunn,timothy.bunn@sakilacustomer.org,1,"Lethbridge, Canada",Braslia,Brazil,72.82,22,4.05,2005-08-22,Low Value
85,Anne Powell,anne.powell@sakilacustomer.org,1,"Woodridge, Australia",Bradford,United Kingdom,72.79,23,3.47,2005-08-20,Low Value
301,Robert Baughman,robert.baughman@sakilacustomer.org,1,"Woodridge, Australia",Kaliningrad,Russian Federation,71.85,21,4.79,2005-08-22,Low Value
222,Delores Hansen,delores.hansen@sakilacustomer.org,1,"Woodridge, Australia",Jaroslavl,Russian Federation,71.84,21,4.49,2005-08-21,Low Value
94,Norma Gonzales,norma.gonzales@sakilacustomer.org,1,"Lethbridge, Canada",Bislig,Philippines,71.81,21,3.78,2006-02-14,Low Value
430,Ray Houle,ray.houle@sakilacustomer.org,1,"Lethbridge, Canada",Dzerzinsk,Russian Federation,71.8,22,3.59,2005-08-22,Low Value
278,Billie Horton,billie.horton@sakilacustomer.org,1,"Woodridge, Australia",Inegl,Turkey,71.79,26,3.42,2005-08-23,Low Value
177,Samantha Duncan,samantha.duncan@sakilacustomer.org,1,"Woodridge, Australia",Matamoros,Mexico,71.77,23,3.12,2005-08-22,Low Value
378,Eugene Culpepper,eugene.culpepper@sakilacustomer.org,1,"Lethbridge, Canada",Shenzhen,China,70.82,19,3.93,2005-08-22,Low Value
255,Irma Pearson,irma.pearson@sakilacustomer.org,1,"Woodridge, Australia",Hagonoy,Philippines,70.82,18,3.93,2005-08-21,Low Value
370,Wayne Truong,wayne.truong@sakilacustomer.org,1,"Woodridge, Australia",Gulbarga,India,70.81,19,3.73,2005-08-23,Low Value
303,William Satterfield,william.satterfield@sakilacustomer.org,1,"Woodridge, Australia",Sanaa,Yemen,70.81,26,3.73,2005-08-23,Low Value
117,Edith Mcdonald,edith.mcdonald@sakilacustomer.org,1,"Lethbridge, Canada",Gandhinagar,India,69.83,19,4.11,2005-08-23,Low Value
369,Fred Wheat,fred.wheat@sakilacustomer.org,1,"Woodridge, Australia",Jurez,Mexico,69.79,25,3.32,2006-02-14,Low Value
514,Franklin Troutman,franklin.troutman@sakilacustomer.org,1,"Woodridge, Australia",Zaoyang,China,69.79,22,3.32,2005-08-23,Low Value
310,Daniel Cabral,daniel.cabral@sakilacustomer.org,1,"Woodridge, Australia",Ibirit,Brazil,68.87,20,5.3,2005-08-22,Low Value
465,Floyd Gandy,floyd.gandy@sakilacustomer.org,1,"Lethbridge, Canada",Zapopan,Mexico,68.84,17,4.3,2005-08-23,Low Value
525,Adrian Clary,adrian.clary@sakilacustomer.org,1,"Woodridge, Australia",Udine,Italy,68.82,19,3.82,2006-02-14,Low Value
355,Terry Grissom,terry.grissom@sakilacustomer.org,1,"Woodridge, Australia",Matsue,Japan,68.81,20,3.62,2006-02-14,Low Value
283,Felicia Sutton,felicia.sutton@sakilacustomer.org,1,"Lethbridge, Canada",Korla,China,68.77,28,2.99,2005-08-23,Low Value
464,Jerome Kenyon,jerome.kenyon@sakilacustomer.org,1,"Lethbridge, Canada",Rancagua,Chile,67.86,16,4.85,2005-08-23,Low Value
48,Ann Evans,ann.evans@sakilacustomer.org,1,"Lethbridge, Canada",Niznekamsk,Russian Federation,67.86,17,4.85,2005-08-22,Low Value
315,Kenneth Gooden,kenneth.gooden@sakilacustomer.org,0,"Woodridge, Australia",Bat Yam,Israel,67.86,17,4.85,2006-02-14,Low Value
218,Vera Mccoy,vera.mccoy@sakilacustomer.org,1,"Lethbridge, Canada",Kabul,Afghanistan,67.82,18,3.77,2005-08-23,Low Value
191,Jeanette Greene,jeanette.greene@sakilacustomer.org,1,"Lethbridge, Canada",Novoterkassk,Russian Federation,66.82,20,3.71,2006-02-14,Low Value
458,Lloyd Dowd,lloyd.dowd@sakilacustomer.org,1,"Lethbridge, Canada",Tegal,Indonesia,66.81,19,3.52,2005-08-23,Low Value
568,Alberto Henning,alberto.henning@sakilacustomer.org,1,"Woodridge, Australia",Barcelona,Venezuela,66.79,21,3.18,2006-02-14,Low Value
272,Kay Caldwell,kay.caldwell@sakilacustomer.org,1,"Lethbridge, Canada",Yantai,China,65.87,20,5.07,2005-08-20,Low Value
353,Jonathan Scarborough,jonathan.scarborough@sakilacustomer.org,1,"Lethbridge, Canada",Pachuca de Soto,Mexico,65.83,18,3.87,2005-08-23,Low Value
328,Jeffrey Spear,jeffrey.spear@sakilacustomer.org,1,"Woodridge, Australia",Ciparay,Indonesia,65.83,23,3.87,2005-08-23,Low Value
413,Marvin Yee,marvin.yee@sakilacustomer.org,1,"Woodridge, Australia",Berhampore (Baharampur),India,65.81,21,3.46,2005-08-23,Low Value
164,Joann Gardner,joann.gardner@sakilacustomer.org,1,"Woodridge, Australia",Tarsus,Turkey,64.85,16,4.32,2005-08-20,Low Value
344,Henry Billingsley,henry.billingsley@sakilacustomer.org,1,"Lethbridge, Canada",Nukualofa,Tonga,64.84,18,4.05,2005-08-22,Low Value
326,Jose Andrew,jose.andrew@sakilacustomer.org,1,"Lethbridge, Canada",Kingstown,Saint Vincent and the Grenadines,64.82,25,3.6,2005-08-19,Low Value
313,Donald Mahon,donald.mahon@sakilacustomer.org,1,"Woodridge, Australia",Ezhou,China,63.84,23,3.99,2005-08-23,Low Value
548,Allan Cornish,allan.cornish@sakilacustomer.org,1,"Lethbridge, Canada",Tarlac,Philippines,63.84,19,3.99,2006-02-14,Low Value
350,Juan Fraley,juan.fraley@sakilacustomer.org,1,"Lethbridge, Canada",Teboksary,Russian Federation,63.79,23,3.04,2005-08-23,Low Value
557,Felix Gaffney,felix.gaffney@sakilacustomer.org,1,"Lethbridge, Canada",Vilnius,Lithuania,63.78,24,2.9,2006-02-14,Low Value
492,Lester Kraus,lester.kraus@sakilacustomer.org,1,"Woodridge, Australia",Kanchrapara,India,62.85,16,4.19,2005-08-23,Low Value
549,Nelson Christenson,nelson.christenson@sakilacustomer.org,1,"Lethbridge, Canada",Santiago de Compostela,Spain,62.84,20,3.93,2005-08-21,Low Value
401,Tony Carranza,tony.carranza@sakilacustomer.org,1,"Woodridge, Australia",Koriyama,Japan,61.82,21,3.43,2005-08-23,Low Value
330,Scott Shelley,scott.shelley@sakilacustomer.org,1,"Lethbridge, Canada",Aurora,United States,60.82,25,3.38,2006-02-14,Low Value
136,Anita Morales,anita.morales@sakilacustomer.org,1,"Woodridge, Australia",Hubli-Dharwad,India,59.86,15,4.28,2005-08-23,Low Value
162,Lauren Hudson,lauren.hudson@sakilacustomer.org,1,"Woodridge, Australia",Le Mans,France,59.83,20,3.52,2006-02-14,Low Value
159,Jill Hawkins,jill.hawkins@sakilacustomer.org,1,"Lethbridge, Canada",Linz,Austria,58.83,21,3.46,2005-08-22,Low Value
97,Annie Russell,annie.russell@sakilacustomer.org,1,"Woodridge, Australia",Tete,Mozambique,58.82,18,3.27,2005-08-22,Low Value
252,Mattie Hoffman,mattie.hoffman@sakilacustomer.org,1,"Woodridge, Australia",London,United Kingdom,58.8,22,2.94,2006-02-14,Low Value
61,Katherine Rivera,katherine.rivera@sakilacustomer.org,1,"Woodridge, Australia",Basel,Switzerland,57.87,14,4.45,2005-08-23,Low Value
124,Sheila Wells,sheila.wells@sakilacustomer.org,0,"Lethbridge, Canada",Ktahya,Turkey,57.86,18,4.13,2005-08-23,Low Value
395,Johnny Turpin,johnny.turpin@sakilacustomer.org,1,"Woodridge, Australia",al-Qadarif,Sudan,57.81,19,3.04,2005-08-23,Low Value
271,Penny Neal,penny.neal@sakilacustomer.org,0,"Lethbridge, Canada",Kumbakonam,India,56.84,18,3.55,2005-08-22,Low Value
250,Jo Fowler,jo.fowler@sakilacustomer.org,1,"Woodridge, Australia",Oyo,Nigeria,54.85,20,3.66,2005-08-22,Low Value
288,Bobbie Craig,bobbie.craig@sakilacustomer.org,1,"Lethbridge, Canada",Valle de Santiago,Mexico,52.81,24,2.78,2005-08-22,Low Value
586,Kirk Stclair,kirk.stclair@sakilacustomer.org,1,"Lethbridge, Canada",Tsaotun,Taiwan,50.83,19,2.99,2005-08-23,Low Value
110,Tiffany Jordan,tiffany.jordan@sakilacustomer.org,1,"Woodridge, Australia",Enshi,China,49.88,14,4.16,2005-08-22,Low Value
320,Anthony Schwab,anthony.schwab@sakilacustomer.org,1,"Woodridge, Australia",Tafuna,American Samoa,47.85,20,3.19,2005-08-22,Low Value
248,Caroline Bowman,caroline.bowman@sakilacustomer.org,1,"Lethbridge, Canada",Tallahassee,United States,37.87,15,2.91,2005-08-22,Low Value
281,Leona Obrien,leona.obrien@sakilacustomer.org,1,"Woodridge, Australia",Fuzhou,China,32.9,14,3.29,2005-08-21,Low Value
318,Brian Wyman,brian.wyman@sakilacustomer.org,1,"Lethbridge, Canada",Bydgoszcz,Poland,27.93,12,3.99,2005-08-21,Low Value
